ts_utc,target_load,renewables_pct,load_lag_1h,load_lag_24h,load_roll_24h
2015-01-01 00:00:00,41151.0,,,,41151.0
2015-01-01 01:00:00,40135.0,,41151.0,,40643.0
2015-01-01 02:00:00,39106.0,,40135.0,,40130.666666666664
2015-01-01 03:00:00,38765.0,,39106.0,,39789.25
2015-01-01 04:00:00,38941.0,,38765.0,,39619.6
2015-01-01 05:00:00,39045.0,,38941.0,,39523.833333333336
2015-01-01 06:00:00,40206.0,,39045.0,,39621.28571428572
2015-01-01 07:00:00,41133.0,0.24989667663433254,40206.0,,39810.25
2015-01-01 08:00:00,42963.0,0.25142564532271955,41133.0,,40160.555555555555
2015-01-01 09:00:00,45088.0,0.28093949609652236,42963.0,,40653.3
2015-01-01 10:00:00,47013.0,0.31382809010273754,45088.0,,41231.454545454544
2015-01-01 11:00:00,48159.0,0.33848294192155154,47013.0,,41808.75
2015-01-01 12:00:00,47164.0,0.33934780764990247,48159.0,,42220.692307692305
2015-01-01 13:00:00,46752.0,0.3037303216974675,47164.0,,42544.357142857145
2015-01-01 14:00:00,47403.0,0.26574267451427125,46752.0,,42868.26666666667
2015-01-01 15:00:00,49440.0,0.2757281553398058,47403.0,,43279.0
2015-01-01 16:00:00,53410.0,0.2890095487736379,49440.0,,43874.94117647059
2015-01-01 17:00:00,53672.0,0.3142793262781339,53410.0,,44419.22222222222
2015-01-01 18:00:00,53012.0,0.3396966724515204,53672.0,,44871.47368421053
2015-01-01 19:00:00,50313.0,0.3812334784250591,53012.0,,45143.55
2015-01-01 20:00:00,48730.0,0.41766878719474654,50313.0,,45314.333333333336
2015-01-01 21:00:00,48624.0,0.4367184929253044,48730.0,,45464.77272727273
2015-01-01 22:00:00,45668.0,0.4835552246649733,48624.0,,45473.608695652176
2015-01-01 23:00:00,42424.0,0.5297001697152555,45668.0,,45346.541666666664
2015-01-02 00:00:00,40577.0,0.5775192843236316,42424.0,41151.0,45322.625
2015-01-02 01:00:00,39707.0,0.6106731810512,40577.0,40135.0,45304.791666666664
2015-01-02 02:00:00,39504.0,0.6337079789388417,39707.0,39106.0,45321.375
2015-01-02 03:00:00,40391.0,0.6368002772894952,39504.0,38765.0,45389.125
2015-01-02 04:00:00,42382.0,0.6175263083384456,40391.0,38941.0,45532.5
2015-01-02 05:00:00,45679.0,0.5769609667462072,42382.0,39045.0,45808.916666666664
2015-01-02 06:00:00,50418.0,0.5195168392240866,45679.0,40206.0,46234.416666666664
2015-01-02 07:00:00,54131.0,0.49191775507564983,50418.0,41133.0,46776.0
2015-01-02 08:00:00,56505.0,0.463428015219892,54131.0,42963.0,47340.25
2015-01-02 09:00:00,58447.0,0.4501172001984704,56505.0,45088.0,47896.875
2015-01-02 10:00:00,59453.0,0.45535128588969437,58447.0,47013.0,48415.208333333336
2015-01-02 11:00:00,59201.0,0.4622894883532373,59453.0,48159.0,48875.291666666664
2015-01-02 12:00:00,58564.0,0.4728843658220067,59201.0,47164.0,49350.291666666664
2015-01-02 13:00:00,57721.0,0.4616863879697164,58564.0,46752.0,49807.333333333336
2015-01-02 14:00:00,57276.0,0.4451777358754103,57721.0,47403.0,50218.708333333336
2015-01-02 15:00:00,58813.0,0.42106337034329144,57276.0,49440.0,50609.25
2015-01-02 16:00:00,61605.0,0.39446473500527557,58813.0,53410.0,50950.708333333336
2015-01-02 17:00:00,61645.0,0.40571011436450644,61605.0,53672.0,51282.916666666664
2015-01-02 18:00:00,59283.0,0.41804564546328626,61645.0,53012.0,51544.208333333336
2015-01-02 19:00:00,55622.0,0.43649994606450687,59283.0,50313.0,51765.416666666664
2015-01-02 20:00:00,53186.0,0.458128078817734,55622.0,48730.0,51951.083333333336
2015-01-02 21:00:00,50691.0,0.48422796946203467,53186.0,48624.0,52037.208333333336
2015-01-02 22:00:00,45323.0,0.5433444388059043,50691.0,45668.0,52022.833333333336
2015-01-02 23:00:00,40464.0,0.594998022933966,45323.0,42424.0,51941.166666666664
2015-01-03 00:00:00,38338.0,0.607152172778966,40464.0,40577.0,51847.875
2015-01-03 01:00:00,36897.0,0.5994254275415345,38338.0,39707.0,51730.791666666664
2015-01-03 02:00:00,36104.0,0.5793817859516951,36897.0,39504.0,51589.125
2015-01-03 03:00:00,36453.0,0.5566345705428909,36104.0,40391.0,51425.041666666664
2015-01-03 04:00:00,36839.0,0.5566926355221369,36453.0,42382.0,51194.083333333336
2015-01-03 05:00:00,38073.0,0.5601607438342132,36839.0,45679.0,50877.166666666664
2015-01-03 06:00:00,40819.0,0.5376417844631176,38073.0,50418.0,50477.208333333336
2015-01-03 07:00:00,44119.0,0.5225413087331988,40819.0,54131.0,50060.041666666664
2015-01-03 08:00:00,47421.0,0.5066742582400202,44119.0,56505.0,49681.541666666664
2015-01-03 09:00:00,49756.0,0.48991076453091087,47421.0,58447.0,49319.416666666664
2015-01-03 10:00:00,51917.0,0.4801895332935262,49756.0,59453.0,49005.416666666664
2015-01-03 11:00:00,52205.0,0.4682884781151231,51917.0,59201.0,48713.916666666664
2015-01-03 12:00:00,52147.0,0.42819337641666827,52205.0,58564.0,48446.541666666664
2015-01-03 13:00:00,50677.0,0.39566272668074276,52147.0,57721.0,48153.041666666664
2015-01-03 14:00:00,50478.0,0.349914814374579,50677.0,57276.0,47869.791666666664
2015-01-03 15:00:00,52820.0,0.3040325634229459,50478.0,58813.0,47620.083333333336
2015-01-03 16:00:00,55854.0,0.2753249543452573,52820.0,61605.0,47380.458333333336
2015-01-03 17:00:00,56259.0,0.2568300183081818,55854.0,61645.0,47156.041666666664
2015-01-03 18:00:00,55017.0,0.2353090862824218,56259.0,59283.0,46978.291666666664
2015-01-03 19:00:00,50801.0,0.27304580618491764,55017.0,55622.0,46777.416666666664
2015-01-03 20:00:00,48359.0,0.31464670485328483,50801.0,53186.0,46576.291666666664
2015-01-03 21:00:00,47968.0,0.32961557705136757,48359.0,50691.0,46462.833333333336
2015-01-03 22:00:00,45427.0,0.381645277037885,47968.0,45323.0,46467.166666666664
2015-01-03 23:00:00,42806.0,0.4173246741111059,45427.0,40464.0,46564.75
2015-01-04 00:00:00,38517.0,0.4864345613625152,42806.0,38338.0,46572.208333333336
2015-01-04 01:00:00,37082.0,0.5096273124426945,38517.0,36897.0,46579.916666666664
2015-01-04 02:00:00,36575.0,0.5185509227614491,37082.0,36104.0,46599.541666666664
2015-01-04 03:00:00,36793.0,0.5190661267088849,36575.0,36453.0,46613.708333333336
2015-01-04 04:00:00,36336.0,0.5160171730515192,36793.0,36839.0,46592.75
2015-01-04 05:00:00,35592.0,0.523347943358058,36336.0,38073.0,46489.375
2015-01-04 06:00:00,38255.0,0.4703960266631813,35592.0,40819.0,46382.541666666664
2015-01-04 07:00:00,41037.0,0.43909155152667106,38255.0,44119.0,46254.125
2015-01-04 08:00:00,43899.0,0.4150891819859222,41037.0,47421.0,46107.375
2015-01-04 09:00:00,46915.0,0.4176276244271555,43899.0,49756.0,45989.0
2015-01-04 10:00:00,50252.0,0.41900819867865957,46915.0,51917.0,45919.625
2015-01-04 11:00:00,50784.0,0.4219242281033396,50252.0,52205.0,45860.416666666664
2015-01-04 12:00:00,48824.0,0.42294773062428315,50784.0,52147.0,45721.958333333336
2015-01-04 13:00:00,47517.0,0.3901551023844098,48824.0,50677.0,45590.291666666664
2015-01-04 14:00:00,47398.0,0.33832651166715894,47517.0,50478.0,45461.958333333336
2015-01-04 15:00:00,49465.0,0.28796118467603354,47398.0,52820.0,45322.166666666664
2015-01-04 16:00:00,53400.0,0.25683520599250936,49465.0,55854.0,45219.916666666664
2015-01-04 17:00:00,54108.0,0.2541213868559178,53400.0,56259.0,45130.291666666664
2015-01-04 18:00:00,52621.0,0.2708234355105376,54108.0,55017.0,45030.458333333336
2015-01-04 19:00:00,50243.0,0.2812730131560615,52621.0,50801.0,45007.208333333336
2015-01-04 20:00:00,48877.0,0.2673854778321092,50243.0,48359.0,45028.791666666664
2015-01-04 21:00:00,48808.0,0.2552450417964268,48877.0,47968.0,45063.791666666664
2015-01-04 22:00:00,46024.0,0.2705762211020337,48808.0,45427.0,45088.666666666664
2015-01-04 23:00:00,42658.0,0.2888321065216372,46024.0,42806.0,45082.5
2015-01-05 00:00:00,40699.0,0.3017027445391779,42658.0,38517.0,45173.416666666664
2015-01-05 01:00:00,39447.0,0.3209369533804852,40699.0,37082.0,45271.958333333336
2015-01-05 02:00:00,39513.0,0.32300761774605824,39447.0,36575.0,45394.375
2015-01-05 03:00:00,40440.0,0.3349901088031652,39513.0,36793.0,45546.333333333336
2015-01-05 04:00:00,43931.0,0.33809838155288974,40440.0,36336.0,45862.791666666664
2015-01-05 05:00:00,50074.0,0.3077445380836362,43931.0,35592.0,46466.208333333336
2015-01-05 06:00:00,56244.0,0.2722779318682882,50074.0,38255.0,47215.75
2015-01-05 07:00:00,59860.0,0.2553123955897093,56244.0,41037.0,48000.041666666664
2015-01-05 08:00:00,61179.0,0.25610094967227315,59860.0,43899.0,48720.041666666664
2015-01-05 09:00:00,62104.0,0.26774442870024473,61179.0,46915.0,49352.916666666664
2015-01-05 10:00:00,63018.0,0.27103367291884856,62104.0,50252.0,49884.833333333336
2015-01-05 11:00:00,62952.0,0.26985639852586096,63018.0,50784.0,50391.833333333336
2015-01-05 12:00:00,62108.0,0.24892123397951954,62952.0,48824.0,50945.333333333336
2015-01-05 13:00:00,61182.0,0.19553136543427804,62108.0,47517.0,51514.708333333336
2015-01-05 14:00:00,60450.0,0.1322249793217535,61182.0,47398.0,52058.541666666664
2015-01-05 15:00:00,61342.0,0.08597698151348179,60450.0,49465.0,52553.416666666664
2015-01-05 16:00:00,65130.0,0.06920006141563027,61342.0,53400.0,53042.166666666664
2015-01-05 17:00:00,64886.0,0.06528372838516783,65130.0,54108.0,53491.25
2015-01-05 18:00:00,63242.0,0.06204737358084817,64886.0,52621.0,53933.791666666664
2015-01-05 19:00:00,59162.0,0.053852134816267196,63242.0,50243.0,54305.416666666664
2015-01-05 20:00:00,56346.0,0.04680012778191886,59162.0,48877.0,54616.625
2015-01-05 21:00:00,54730.0,0.03851635300566417,56346.0,48808.0,54863.375
2015-01-05 22:00:00,50564.0,0.035796218653587536,54730.0,46024.0,55052.541666666664
2015-01-05 23:00:00,47317.0,0.03151087347042289,50564.0,42658.0,55246.666666666664
2015-01-06 00:00:00,45011.0,0.026015862789095998,47317.0,40699.0,55426.333333333336
2015-01-06 01:00:00,44015.0,0.020606611382483243,45011.0,39447.0,55616.666666666664
2015-01-06 02:00:00,44049.0,0.01906967241027038,44015.0,39513.0,55805.666666666664
2015-01-06 03:00:00,44730.0,0.02047842611222893,44049.0,40440.0,55984.416666666664
2015-01-06 04:00:00,46416.0,0.023741813167873146,44730.0,43931.0,56087.958333333336
2015-01-06 05:00:00,50597.0,0.02832183726307884,46416.0,50074.0,56109.75
2015-01-06 06:00:00,55697.0,0.03219203906853152,50597.0,56244.0,56086.958333333336
2015-01-06 07:00:00,57954.0,0.04079097215032612,55697.0,59860.0,56007.541666666664
2015-01-06 08:00:00,59295.0,0.07887680242853529,57954.0,61179.0,55929.041666666664
2015-01-06 09:00:00,60723.0,0.12777695436654973,59295.0,62104.0,55871.5
2015-01-06 10:00:00,61744.0,0.1634976677895828,60723.0,63018.0,55818.416666666664
2015-01-06 11:00:00,61628.0,0.17331407801648602,61744.0,62952.0,55763.25
2015-01-06 12:00:00,60697.0,0.16679572301761209,61628.0,62108.0,55704.458333333336
2015-01-06 13:00:00,59259.0,0.14018123829291754,60697.0,61182.0,55624.333333333336
2015-01-06 14:00:00,58836.0,0.11460670337888368,59259.0,60450.0,55557.083333333336
2015-01-06 15:00:00,60089.0,0.1137812245169665,58836.0,61342.0,55504.875
2015-01-06 16:00:00,63969.0,0.12695211743188106,60089.0,65130.0,55456.5
2015-01-06 17:00:00,64219.0,0.14600040486460394,63969.0,64886.0,55428.708333333336
2015-01-06 18:00:00,63346.0,0.1511539797303697,64219.0,63242.0,55433.041666666664
2015-01-06 19:00:00,59695.0,0.16272719658262835,63346.0,59162.0,55455.25
2015-01-06 20:00:00,57114.0,0.1621844031235774,59695.0,56346.0,55487.25
2015-01-06 21:00:00,54886.0,0.17611048354771708,57114.0,54730.0,55493.75
2015-01-06 22:00:00,50639.0,0.18807638381484626,54886.0,50564.0,55496.875
2015-01-06 23:00:00,47308.0,0.19292720047349285,50639.0,47317.0,55496.5
2015-01-07 00:00:00,45125.0,0.1886759002770083,47308.0,45011.0,55501.25
2015-01-07 01:00:00,44217.0,0.18517764660650882,45125.0,44015.0,55509.666666666664
2015-01-07 02:00:00,44368.0,0.19633519653804543,44217.0,44049.0,55522.958333333336
2015-01-07 03:00:00,45298.0,0.19323148924897346,44368.0,44730.0,55546.625
2015-01-07 04:00:00,48598.0,0.1739166220832133,45298.0,46416.0,55637.541666666664
2015-01-07 05:00:00,56626.0,0.14936601561120333,48598.0,50597.0,55888.75
2015-01-07 06:00:00,63293.0,0.12743905329183322,56626.0,55697.0,56205.25
2015-01-07 07:00:00,65964.0,0.11786732156934085,63293.0,57954.0,56539.0
2015-01-07 08:00:00,66400.0,0.11909638554216867,65964.0,59295.0,56835.041666666664
2015-01-07 09:00:00,67746.0,0.1317568564933723,66400.0,60723.0,57127.666666666664
2015-01-07 10:00:00,68507.0,0.15018903177777454,67746.0,61744.0,57409.458333333336
2015-01-07 11:00:00,68100.0,0.16500734214390603,68507.0,61628.0,57679.125
2015-01-07 12:00:00,67248.0,0.17086009992862242,68100.0,60697.0,57952.083333333336
2015-01-07 13:00:00,66044.0,0.15338259342256677,67248.0,59259.0,58234.791666666664
2015-01-07 14:00:00,65496.0,0.12599242701844388,66044.0,58836.0,58512.291666666664
2015-01-07 15:00:00,66191.0,0.11602785877234065,65496.0,60089.0,58766.541666666664
2015-01-07 16:00:00,69647.0,0.12488692980315017,66191.0,63969.0,59003.125
2015-01-07 17:00:00,69425.0,0.1470507742167807,69647.0,64219.0,59220.041666666664
2015-01-07 18:00:00,67467.0,0.16870470007559252,69425.0,63346.0,59391.75
2015-01-07 19:00:00,63605.0,0.20128920682336293,67467.0,59695.0,59554.666666666664
2015-01-07 20:00:00,60469.0,0.23167242719409945,63605.0,57114.0,59694.458333333336
2015-01-07 21:00:00,58348.0,0.2495543977514225,60469.0,54886.0,59838.708333333336
2015-01-07 22:00:00,54070.0,0.2735343073793231,58348.0,50639.0,59981.666666666664
2015-01-07 23:00:00,50460.0,0.29799841458581056,54070.0,47308.0,60113.0
2015-01-08 00:00:00,48041.0,0.32903145230115943,50460.0,45125.0,60234.5
2015-01-08 01:00:00,47074.0,0.34942855928962907,48041.0,44217.0,60353.541666666664
2015-01-08 02:00:00,47228.0,0.3534979249597696,47074.0,44368.0,60472.708333333336
2015-01-08 03:00:00,48253.0,0.3478954676393178,47228.0,45298.0,60595.833333333336
2015-01-08 04:00:00,51155.0,0.32745577167432316,48253.0,48598.0,60702.375
2015-01-08 05:00:00,58605.0,0.2985410801126184,51155.0,56626.0,60784.833333333336
2015-01-08 06:00:00,65447.0,0.2761929500206274,58605.0,63293.0,60874.583333333336
2015-01-08 07:00:00,68569.0,0.26390934678936545,65447.0,65964.0,60983.125
2015-01-08 08:00:00,68599.0,0.271476260586889,68569.0,66400.0,61074.75
2015-01-08 09:00:00,69484.0,0.27599159518738126,68599.0,67746.0,61147.166666666664
2015-01-08 10:00:00,70635.0,0.278360586111701,69484.0,68507.0,61235.833333333336
2015-01-08 11:00:00,69962.0,0.27602126868871674,70635.0,68100.0,61313.416666666664
2015-01-08 12:00:00,69062.0,0.2650227331962584,69962.0,67248.0,61389.0
2015-01-08 13:00:00,67835.0,0.25883393528414533,69062.0,66044.0,61463.625
2015-01-08 14:00:00,67765.0,0.2404633660444182,67835.0,65496.0,61558.166666666664
2015-01-08 15:00:00,68183.0,0.24588240470498512,67765.0,66191.0,61641.166666666664
2015-01-08 16:00:00,70139.0,0.24201941858309928,68183.0,69647.0,61661.666666666664
2015-01-08 17:00:00,69246.0,0.26284550732172257,70139.0,69425.0,61654.208333333336
2015-01-08 18:00:00,67516.0,0.2937970258901594,69246.0,67467.0,61656.25
2015-01-08 19:00:00,62992.0,0.3387096774193548,67516.0,63605.0,61630.708333333336
2015-01-08 20:00:00,59524.0,0.3791915865869229,62992.0,60469.0,61591.333333333336
2015-01-08 21:00:00,57518.0,0.3954761987551723,59524.0,58348.0,61556.75
2015-01-08 22:00:00,53026.0,0.432071059480255,57518.0,54070.0,61513.25
2015-01-08 23:00:00,48517.0,0.46352824783065727,53026.0,50460.0,61432.291666666664
2015-01-09 00:00:00,46472.0,0.4778791530383887,48517.0,48041.0,61366.916666666664
2015-01-09 01:00:00,45546.0,0.49582839327273526,46472.0,47074.0,61303.25
2015-01-09 02:00:00,45568.0,0.5199043188202247,45546.0,47228.0,61234.083333333336
2015-01-09 03:00:00,46950.0,0.5336954206602769,45568.0,48253.0,61179.791666666664
2015-01-09 04:00:00,50426.0,0.5238369095307976,46950.0,51155.0,61149.416666666664
2015-01-09 05:00:00,58351.0,0.46957207245805554,50426.0,58605.0,61138.833333333336
2015-01-09 06:00:00,65555.0,0.4286782091373656,58351.0,65447.0,61143.333333333336
2015-01-09 07:00:00,69326.0,0.4180826818221158,65555.0,68569.0,61174.875
2015-01-09 08:00:00,69495.0,0.43348442333980863,69326.0,68599.0,61212.208333333336
2015-01-09 09:00:00,70357.0,0.43675824722486745,69495.0,69484.0,61248.583333333336
2015-01-09 10:00:00,70829.0,0.43054398622033346,70357.0,70635.0,61256.666666666664
2015-01-09 11:00:00,69565.0,0.4436426363832387,70829.0,69962.0,61240.125
2015-01-09 12:00:00,68267.0,0.452722398816412,69565.0,69062.0,61207.0
2015-01-09 13:00:00,66887.0,0.4607472304035164,68267.0,67835.0,61167.5
2015-01-09 14:00:00,66518.0,0.45861270633512735,66887.0,67765.0,61115.541666666664
2015-01-09 15:00:00,67566.0,0.4469259686824734,66518.0,68183.0,61089.833333333336
2015-01-09 16:00:00,70120.0,0.42681118083285796,67566.0,70139.0,61089.041666666664
2015-01-09 17:00:00,69465.0,0.41541783632044915,70120.0,69246.0,61098.166666666664
2015-01-09 18:00:00,66230.0,0.4168805677185565,69465.0,67516.0,61044.583333333336
2015-01-09 19:00:00,61923.0,0.4219595303845098,66230.0,62992.0,61000.041666666664
2015-01-09 20:00:00,58868.0,0.40677447849425835,61923.0,59524.0,60972.708333333336
2015-01-09 21:00:00,55441.0,0.3950325571328078,58868.0,57518.0,60886.166666666664
2015-01-09 22:00:00,51740.0,0.4065713181291071,55441.0,53026.0,60832.583333333336
2015-01-09 23:00:00,47944.0,0.4185299516102119,51740.0,48517.0,60808.708333333336
2015-01-10 00:00:00,45889.0,0.44115147420950557,47944.0,46472.0,60784.416666666664
2015-01-10 01:00:00,44455.0,0.4621752333820718,45889.0,45546.0,60738.958333333336
2015-01-10 02:00:00,43933.0,0.49896433205107776,44455.0,45568.0,60670.833333333336
2015-01-10 03:00:00,43836.0,0.5296331782096907,43933.0,46950.0,60541.083333333336
2015-01-10 04:00:00,43841.0,0.5533404803722543,43836.0,50426.0,60266.708333333336
2015-01-10 05:00:00,44671.0,0.5856819860759777,43841.0,58351.0,59696.708333333336
2015-01-10 06:00:00,48011.0,0.5693070338047531,44671.0,65555.0,58965.708333333336
2015-01-10 07:00:00,52333.0,0.5413219192478933,48011.0,69326.0,58257.666666666664
2015-01-10 08:00:00,55587.0,0.5238994728983395,52333.0,69495.0,57678.166666666664
2015-01-10 09:00:00,57068.0,0.5430188546996565,55587.0,70357.0,57124.458333333336
2015-01-10 10:00:00,58679.0,0.5734078631196851,57068.0,70829.0,56618.208333333336
2015-01-10 11:00:00,59031.0,0.5880808388812657,58679.0,69565.0,56179.291666666664
2015-01-10 12:00:00,57469.0,0.5846282343524335,59031.0,68267.0,55729.375
2015-01-10 13:00:00,55753.0,0.5677003928039747,57469.0,66887.0,55265.458333333336
2015-01-10 14:00:00,54425.0,0.5416444648598989,55753.0,66518.0,54761.583333333336
2015-01-10 15:00:00,55698.0,0.5137168300477576,54425.0,67566.0,54267.083333333336
2015-01-10 16:00:00,59546.0,0.4753635844557149,55698.0,70120.0,53826.5
2015-01-10 17:00:00,59665.0,0.46766110785217463,59546.0,69465.0,53418.166666666664
2015-01-10 18:00:00,57456.0,0.47928849902534115,59665.0,66230.0,53052.583333333336
2015-01-10 19:00:00,53439.0,0.5050805591421995,57456.0,61923.0,52699.083333333336
2015-01-10 20:00:00,51071.0,0.5171819623661178,53439.0,58868.0,52374.208333333336
2015-01-10 21:00:00,50351.0,0.5021151516355187,51071.0,55441.0,52162.125
2015-01-10 22:00:00,47188.0,0.5237348478426719,50351.0,51740.0,51972.458333333336
2015-01-10 23:00:00,43422.0,0.5567914881857123,47188.0,47944.0,51784.041666666664
2015-01-11 00:00:00,41048.0,0.5844377314363671,43422.0,45889.0,51582.333333333336
2015-01-11 01:00:00,39718.0,0.5867364922705071,41048.0,44455.0,51384.958333333336
2015-01-11 02:00:00,39187.0,0.5893791308342052,39718.0,43933.0,51187.208333333336
2015-01-11 03:00:00,39643.0,0.5892086875362611,39187.0,43836.0,51012.5
2015-01-11 04:00:00,39494.0,0.5982174507520129,39643.0,43841.0,50831.375
2015-01-11 05:00:00,38786.0,0.6353323364100448,39494.0,44671.0,50586.166666666664
2015-01-11 06:00:00,40821.0,0.6207099287131623,38786.0,48011.0,50286.583333333336
2015-01-11 07:00:00,44081.0,0.5997368480751344,40821.0,52333.0,49942.75
2015-01-11 08:00:00,47653.0,0.5783476381340105,44081.0,55587.0,49612.166666666664
2015-01-11 09:00:00,51246.0,0.5796159700269289,47653.0,57068.0,49369.583333333336
2015-01-11 10:00:00,54420.0,0.5721793458287394,51246.0,58679.0,49192.125
2015-01-11 11:00:00,54436.0,0.5930817841134544,54420.0,59031.0,49000.666666666664
2015-01-11 12:00:00,52716.0,0.6130017452006981,54436.0,57469.0,48802.625
2015-01-11 13:00:00,51569.0,0.6116077488413582,52716.0,55753.0,48628.291666666664
2015-01-11 14:00:00,51194.0,0.5787592295972184,51569.0,54425.0,48493.666666666664
2015-01-11 15:00:00,52466.0,0.5353943506270727,51194.0,55698.0,48359.0
2015-01-11 16:00:00,57143.0,0.4956512608718478,52466.0,59546.0,48258.875
2015-01-11 17:00:00,58328.0,0.4843985735838705,57143.0,59665.0,48203.166666666664
2015-01-11 18:00:00,56551.0,0.5011759296917826,58328.0,57456.0,48165.458333333336
2015-01-11 19:00:00,53601.0,0.5171358743307027,56551.0,53439.0,48172.208333333336
2015-01-11 20:00:00,51979.0,0.5144962388656957,53601.0,51071.0,48210.041666666664
2015-01-11 21:00:00,52143.0,0.48671921446790556,51979.0,50351.0,48284.708333333336
2015-01-11 22:00:00,48829.0,0.5078334596244035,52143.0,47188.0,48353.083333333336
2015-01-11 23:00:00,45904.0,0.5354871035203904,48829.0,43422.0,48456.5
2015-01-12 00:00:00,44192.0,0.5499411658218682,45904.0,41048.0,48587.5
2015-01-12 01:00:00,43720.0,0.5333028362305581,44192.0,39718.0,48754.25
2015-01-12 02:00:00,44011.0,0.5095544295744245,43720.0,39187.0,48955.25
2015-01-12 03:00:00,45401.0,0.48838131318693423,44011.0,39643.0,49195.166666666664
2015-01-12 04:00:00,49613.0,0.462902868199867,45401.0,39494.0,49616.791666666664
2015-01-12 05:00:00,58225.0,0.42522971232288537,49613.0,38786.0,50426.75
2015-01-12 06:00:00,66110.0,0.38720314627136593,58225.0,40821.0,51480.458333333336
2015-01-12 07:00:00,69474.0,0.3776952529003656,66110.0,44081.0,52538.5
2015-01-12 08:00:00,69448.0,0.39073839419421724,69474.0,47653.0,53446.625
2015-01-12 09:00:00,70736.0,0.4139617733544447,69448.0,51246.0,54258.708333333336
2015-01-12 10:00:00,72115.0,0.42677667614227277,70736.0,54420.0,54996.0
2015-01-12 11:00:00,72023.0,0.43408355664162834,72115.0,54436.0,55728.791666666664
2015-01-12 12:00:00,71376.0,0.43780822685496523,72023.0,52716.0,56506.291666666664
2015-01-12 13:00:00,70197.0,0.4331524139208228,71376.0,51569.0,57282.458333333336
2015-01-12 14:00:00,69066.0,0.42863348101815657,70197.0,51194.0,58027.125
2015-01-12 15:00:00,69524.0,0.4104050399861918,69066.0,52466.0,58737.875
2015-01-12 16:00:00,71371.0,0.3911112356559387,69524.0,57143.0,59330.708333333336
2015-01-12 17:00:00,71236.0,0.38980290864169803,71371.0,58328.0,59868.541666666664
2015-01-12 18:00:00,69205.0,0.40605447583267107,71236.0,56551.0,60395.791666666664
2015-01-12 19:00:00,64685.0,0.4337945427842622,69205.0,53601.0,60857.625
2015-01-12 20:00:00,61344.0,0.4508835419926969,64685.0,51979.0,61247.833333333336
2015-01-12 21:00:00,58672.0,0.4455788110171803,61344.0,52143.0,61519.875
2015-01-12 22:00:00,54030.0,0.45174902831760133,58672.0,48829.0,61736.583333333336
2015-01-12 23:00:00,50153.0,0.45405060514824636,54030.0,45904.0,61913.625
2015-01-13 00:00:00,48218.0,0.4427599651582397,50153.0,44192.0,62081.375
2015-01-13 01:00:00,47184.0,0.4300186503899627,48218.0,43720.0,62225.708333333336
2015-01-13 02:00:00,47064.0,0.42831038585755565,47184.0,44011.0,62352.916666666664
2015-01-13 03:00:00,48760.0,0.429163248564397,47064.0,45401.0,62492.875
2015-01-13 04:00:00,51849.0,0.4242126174082432,48760.0,49613.0,62586.041666666664
2015-01-13 05:00:00,59116.0,0.3969822044793288,51849.0,58225.0,62623.166666666664
2015-01-13 06:00:00,66543.0,0.36708594442691195,59116.0,66110.0,62641.208333333336
2015-01-13 07:00:00,68723.0,0.3767152190678521,66543.0,69474.0,62609.916666666664
2015-01-13 08:00:00,68327.0,0.4188973612188447,68723.0,69448.0,62563.208333333336
2015-01-13 09:00:00,68374.0,0.47110012577880483,68327.0,70736.0,62464.791666666664
2015-01-13 10:00:00,68865.0,0.5023451680824802,68374.0,72115.0,62329.375
2015-01-13 11:00:00,68469.0,0.50896025938746,68865.0,72023.0,62181.291666666664
2015-01-13 12:00:00,67876.0,0.47670752548765394,68469.0,71376.0,62035.458333333336
2015-01-13 13:00:00,65875.0,0.43603795066413664,67876.0,70197.0,61855.375
2015-01-13 14:00:00,65983.0,0.3712471394146977,65875.0,69066.0,61726.916666666664
2015-01-13 15:00:00,66634.0,0.31560464627667556,65983.0,69524.0,61606.5
2015-01-13 16:00:00,70119.0,0.2822915329653874,66634.0,71371.0,61554.333333333336
2015-01-13 17:00:00,69850.0,0.2762920544022906,70119.0,71236.0,61496.583333333336
2015-01-13 18:00:00,67174.0,0.279557566915771,69850.0,69205.0,61411.958333333336
2015-01-13 19:00:00,62622.0,0.2836543067931398,67174.0,64685.0,61326.0
2015-01-13 20:00:00,59175.0,0.3093367131389945,62622.0,61344.0,61235.625
2015-01-13 21:00:00,56499.0,0.3263597585797979,59175.0,58672.0,61145.083333333336
2015-01-13 22:00:00,51949.0,0.34052628539529156,56499.0,54030.0,61058.375
2015-01-13 23:00:00,47556.0,0.3482841281857179,51949.0,50153.0,60950.166666666664
2015-01-14 00:00:00,45320.0,0.3473080317740512,47556.0,48218.0,60829.416666666664
2015-01-14 01:00:00,44513.0,0.3302855345629367,45320.0,47184.0,60718.125
2015-01-14 02:00:00,45026.0,0.32803269222227155,44513.0,47064.0,60633.208333333336
2015-01-14 03:00:00,46695.0,0.33080629617732094,45026.0,48760.0,60547.166666666664
2015-01-14 04:00:00,50345.0,0.33647829973185023,46695.0,51849.0,60484.5
2015-01-14 05:00:00,58474.0,0.32216027636214384,50345.0,59116.0,60457.75
2015-01-14 06:00:00,65984.0,0.32309347720659554,58474.0,66543.0,60434.458333333336
2015-01-14 07:00:00,68576.0,0.32422421838544097,65984.0,68723.0,60428.333333333336
2015-01-14 08:00:00,67873.0,0.3430819324326315,68576.0,68327.0,60409.416666666664
2015-01-14 09:00:00,68878.0,0.3544092453323267,67873.0,68374.0,60430.416666666664
2015-01-14 10:00:00,69582.0,0.3553217786209077,68878.0,68865.0,60460.291666666664
2015-01-14 11:00:00,68658.0,0.35219493722508666,69582.0,68469.0,60468.166666666664
2015-01-14 12:00:00,68577.0,0.3239424296775887,68658.0,67876.0,60497.375
2015-01-14 13:00:00,67760.0,0.2789994096812279,68577.0,65875.0,60575.916666666664
2015-01-14 14:00:00,67144.0,0.2317407363278923,67760.0,65983.0,60624.291666666664
2015-01-14 15:00:00,67198.0,0.21704515015327838,67144.0,66634.0,60647.791666666664
2015-01-14 16:00:00,70156.0,0.20477222190546782,67198.0,70119.0,60649.333333333336
2015-01-14 17:00:00,69595.0,0.20607802284646887,70156.0,69850.0,60638.708333333336
2015-01-14 18:00:00,67587.0,0.21265923920280527,69595.0,67174.0,60655.916666666664
2015-01-14 19:00:00,63598.0,0.23401679298091135,67587.0,62622.0,60696.583333333336
2015-01-14 20:00:00,60156.0,0.2505651971540661,63598.0,59175.0,60737.458333333336
2015-01-14 21:00:00,57358.0,0.2615153945395586,60156.0,56499.0,60773.25
2015-01-14 22:00:00,53648.0,0.2733932299433343,57358.0,51949.0,60844.041666666664
2015-01-14 23:00:00,50014.0,0.29045867157195987,53648.0,47556.0,60946.458333333336
2015-01-15 00:00:00,48098.0,0.3047943781446214,50014.0,45320.0,61062.208333333336
2015-01-15 01:00:00,47108.0,0.32665364693894877,48098.0,44513.0,61170.333333333336
2015-01-15 02:00:00,47519.0,0.3552263305204234,47108.0,45026.0,61274.208333333336
2015-01-15 03:00:00,48517.0,0.3840921738771977,47519.0,46695.0,61350.125
2015-01-15 04:00:00,51717.0,0.39714213894850825,48517.0,50345.0,61407.291666666664
2015-01-15 05:00:00,59216.0,0.38283572007565525,51717.0,58474.0,61438.208333333336
2015-01-15 06:00:00,65894.0,0.36010865936200565,59216.0,65984.0,61434.458333333336
2015-01-15 07:00:00,68785.0,0.36269535509195316,65894.0,68576.0,61443.166666666664
2015-01-15 08:00:00,68630.0,0.38060614891446887,68785.0,67873.0,61474.708333333336
2015-01-15 09:00:00,69475.0,0.4025764663548039,68630.0,68878.0,61499.583333333336
2015-01-15 10:00:00,70517.0,0.4165378561198009,69475.0,69582.0,61538.541666666664
2015-01-15 11:00:00,69712.0,0.4271574477851733,70517.0,68658.0,61582.458333333336
2015-01-15 12:00:00,69201.0,0.4126240950275285,69712.0,68577.0,61608.458333333336
2015-01-15 13:00:00,68197.0,0.3983899585025734,69201.0,67760.0,61626.666666666664
2015-01-15 14:00:00,67579.0,0.38304798828038295,68197.0,67144.0,61644.791666666664
2015-01-15 15:00:00,67480.0,0.3708061647895673,67579.0,67198.0,61656.541666666664
2015-01-15 16:00:00,70186.0,0.3525631892400194,67480.0,70156.0,61657.791666666664
2015-01-15 17:00:00,69592.0,0.3655448902172663,70186.0,69595.0,61657.666666666664
2015-01-15 18:00:00,67819.0,0.38680900632566095,69592.0,67587.0,61667.333333333336
2015-01-15 19:00:00,63806.0,0.40460144813967336,67819.0,63598.0,61676.0
2015-01-15 20:00:00,60304.0,0.41703701247015124,63806.0,60156.0,61682.166666666664
2015-01-15 21:00:00,57580.0,0.41448419590135466,60304.0,57358.0,61691.416666666664
2015-01-15 22:00:00,53037.0,0.43509248260648226,57580.0,53648.0,61665.958333333336
2015-01-15 23:00:00,49276.0,0.4460792272100008,53037.0,50014.0,61635.208333333336
2015-01-16 00:00:00,46279.0,0.45636249702889,49276.0,48098.0,61559.416666666664
2015-01-16 01:00:00,44534.0,0.47305429559437734,46279.0,47108.0,61452.166666666664
2015-01-16 02:00:00,45939.0,0.44463310041576876,44534.0,47519.0,61386.333333333336
2015-01-16 03:00:00,47898.0,0.40761618439183267,45939.0,48517.0,61360.541666666664
2015-01-16 04:00:00,51456.0,0.36240671641791045,47898.0,51717.0,61349.666666666664
2015-01-16 05:00:00,59074.0,0.29672952567965605,51456.0,59216.0,61343.75
2015-01-16 06:00:00,66271.0,0.2493851005718942,59074.0,65894.0,61359.458333333336
2015-01-16 07:00:00,68400.0,0.22985380116959064,66271.0,68785.0,61343.416666666664
2015-01-16 08:00:00,68027.0,0.2247342966763197,68400.0,68630.0,61318.291666666664
2015-01-16 09:00:00,68375.0,0.22761243144424131,68027.0,69475.0,61272.458333333336
2015-01-16 10:00:00,68696.0,0.2241760801211133,68375.0,70517.0,61196.583333333336
2015-01-16 11:00:00,67681.0,0.2018882699723704,68696.0,69712.0,61111.958333333336
2015-01-16 12:00:00,66189.0,0.1715390774902174,67681.0,69201.0,60986.458333333336
2015-01-16 13:00:00,64631.0,0.1286998499172224,66189.0,68197.0,60837.875
2015-01-16 14:00:00,63772.0,0.08637019381546761,64631.0,67579.0,60679.25
2015-01-16 15:00:00,64204.0,0.060338919693477044,63772.0,67480.0,60542.75
2015-01-16 16:00:00,67360.0,0.061282660332541566,64204.0,70186.0,60425.0
2015-01-16 17:00:00,66923.0,0.06453685578948941,67360.0,69592.0,60313.791666666664
2015-01-16 18:00:00,64680.0,0.06774891774891775,66923.0,67819.0,60183.0
2015-01-16 19:00:00,60464.0,0.06956205345329453,64680.0,63806.0,60043.75
2015-01-16 20:00:00,57066.0,0.07300318928959451,60464.0,60304.0,59908.833333333336
2015-01-16 21:00:00,54807.0,0.07099458098418085,57066.0,57580.0,59793.291666666664
2015-01-16 22:00:00,50985.0,0.07192311464156124,54807.0,53037.0,59707.791666666664
2015-01-16 23:00:00,47703.0,0.08070771230320944,50985.0,49276.0,59642.25
2015-01-17 00:00:00,45369.0,0.09111948687429743,47703.0,46279.0,59604.333333333336
2015-01-17 01:00:00,44383.0,0.10220129328797062,45369.0,44534.0,59598.041666666664
2015-01-17 02:00:00,44029.0,0.11044993072747507,44383.0,45939.0,59518.458333333336
2015-01-17 03:00:00,44168.0,0.11743796413693172,44029.0,47898.0,59363.041666666664
2015-01-17 04:00:00,43903.0,0.12220121631779149,44168.0,51456.0,59048.333333333336
2015-01-17 05:00:00,44481.0,0.1256491535711877,43903.0,59074.0,58440.291666666664
2015-01-17 06:00:00,48133.0,0.11975152182494339,44481.0,66271.0,57684.541666666664
2015-01-17 07:00:00,52095.0,0.12273730684326711,48133.0,68400.0,57005.166666666664
2015-01-17 08:00:00,55104.0,0.1287746806039489,52095.0,68027.0,56466.708333333336
2015-01-17 09:00:00,56978.0,0.1424233914844326,55104.0,68375.0,55991.833333333336
2015-01-17 10:00:00,57872.0,0.1573645286148742,56978.0,68696.0,55540.833333333336
2015-01-17 11:00:00,57031.0,0.1703985551717487,57872.0,67681.0,55097.083333333336
2015-01-17 12:00:00,54885.0,0.17686070875466886,57031.0,66189.0,54626.083333333336
2015-01-17 13:00:00,53290.0,0.1578344905235504,54885.0,64631.0,54153.541666666664
2015-01-17 14:00:00,52707.0,0.11182575369495514,53290.0,63772.0,53692.5
2015-01-17 15:00:00,53655.0,0.08349641226353555,52707.0,64204.0,53252.958333333336
2015-01-17 16:00:00,57914.0,0.0886832199468177,53655.0,67360.0,52859.375
2015-01-17 17:00:00,58820.0,0.10844950697041822,57914.0,66923.0,52521.75
2015-01-17 18:00:00,57041.0,0.12112340246489367,58820.0,64680.0,52203.458333333336
2015-01-17 19:00:00,53145.0,0.12977702511995484,57041.0,60464.0,51898.5
2015-01-17 20:00:00,50831.0,0.14487222364305247,53145.0,57066.0,51638.708333333336
2015-01-17 21:00:00,50069.0,0.14965347820008387,50831.0,54807.0,51441.291666666664
2015-01-17 22:00:00,47150.0,0.15414634146341463,50069.0,50985.0,51281.5
2015-01-17 23:00:00,44157.0,0.16568154539484115,47150.0,47703.0,51133.75
2015-01-18 00:00:00,42468.0,0.17476688330036733,44157.0,45369.0,51012.875
2015-01-18 01:00:00,41213.0,0.1787057481862519,42468.0,44383.0,50880.791666666664
2015-01-18 02:00:00,40643.0,0.18945451861329135,41213.0,44029.0,50739.708333333336
2015-01-18 03:00:00,40563.0,0.1932056307472327,40643.0,44168.0,50589.5
2015-01-18 04:00:00,40032.0,0.19352018385291767,40563.0,43903.0,50428.208333333336
2015-01-18 05:00:00,39157.0,0.19380953597057998,40032.0,44481.0,50206.375
2015-01-18 06:00:00,40896.0,0.19180359937402192,39157.0,48133.0,49904.833333333336
2015-01-18 07:00:00,43967.0,0.17149225555530284,40896.0,52095.0,49566.166666666664
2015-01-18 08:00:00,47041.0,0.18141621139006398,43967.0,55104.0,49230.208333333336
2015-01-18 09:00:00,49625.0,0.20114861460957179,47041.0,56978.0,48923.833333333336
2015-01-18 10:00:00,52113.0,0.21280678525511867,49625.0,57872.0,48683.875
2015-01-18 11:00:00,52189.0,0.21809193508210542,52113.0,57031.0,48482.125
2015-01-18 12:00:00,50148.0,0.2026601260269602,52189.0,54885.0,48284.75
2015-01-18 13:00:00,48763.0,0.1642843959559502,50148.0,53290.0,48096.125
2015-01-18 14:00:00,48479.0,0.11010953196229295,48763.0,52707.0,47919.958333333336
2015-01-18 15:00:00,49108.0,0.07143438950883767,48479.0,53655.0,47730.5
2015-01-18 16:00:00,54287.0,0.06417742737672003,49108.0,57914.0,47579.375
2015-01-18 17:00:00,55881.0,0.07141962384352463,54287.0,58820.0,47456.916666666664
2015-01-18 18:00:00,54678.0,0.07542338783422949,55881.0,57041.0,47358.458333333336
2015-01-18 19:00:00,52336.0,0.07598975848364414,54678.0,53145.0,47324.75
2015-01-18 20:00:00,50835.0,0.0754204780171142,52336.0,50831.0,47324.916666666664
2015-01-18 21:00:00,51297.0,0.07031600288515898,50835.0,50069.0,47376.083333333336
2015-01-18 22:00:00,48568.0,0.06953137868555427,51297.0,47150.0,47435.166666666664
2015-01-18 23:00:00,45408.0,0.06668428470754052,48568.0,44157.0,47487.291666666664
2015-01-19 00:00:00,43874.0,0.057938642476181794,45408.0,42468.0,47545.875
2015-01-19 01:00:00,43324.0,0.04872587942018281,43874.0,41213.0,47633.833333333336
2015-01-19 02:00:00,43616.0,0.04003118121790169,43324.0,40643.0,47757.708333333336
2015-01-19 03:00:00,45132.0,0.031574049454932196,43616.0,40563.0,47948.083333333336
2015-01-19 04:00:00,48847.0,0.02571294040575675,45132.0,40032.0,48315.375
2015-01-19 05:00:00,57739.0,0.023311799650149814,48847.0,39157.0,49089.625
2015-01-19 06:00:00,65475.0,0.023505154639175258,57739.0,40896.0,50113.75
2015-01-19 07:00:00,67913.0,0.02833036384786418,65475.0,43967.0,51111.5
2015-01-19 08:00:00,68452.0,0.04407468006778473,67913.0,47041.0,52003.625
2015-01-19 09:00:00,69193.0,0.06328674865954649,68452.0,49625.0,52818.958333333336
2015-01-19 10:00:00,69874.0,0.07701004665540831,69193.0,52113.0,53559.0
2015-01-19 11:00:00,69315.0,0.08141095001082017,69874.0,52189.0,54272.583333333336
2015-01-19 12:00:00,69029.0,0.07575077141491257,69315.0,50148.0,55059.291666666664
2015-01-19 13:00:00,68195.0,0.05670503702617494,69029.0,48763.0,55868.958333333336
2015-01-19 14:00:00,67445.0,0.033316035288012455,68195.0,48479.0,56659.208333333336
2015-01-19 15:00:00,66956.0,0.0183404026524882,67445.0,49108.0,57402.875
2015-01-19 16:00:00,69802.0,0.01700524340276783,66956.0,54287.0,58049.333333333336
2015-01-19 17:00:00,69656.0,0.01882106351211669,69802.0,55881.0,58623.291666666664
2015-01-19 18:00:00,68035.0,0.01918130374072169,69656.0,54678.0,59179.833333333336
2015-01-19 19:00:00,63812.0,0.020388014793455776,68035.0,52336.0,59658.0
2015-01-19 20:00:00,60416.0,0.02211334745762712,63812.0,50835.0,60057.208333333336
2015-01-19 21:00:00,57789.0,0.023412760213881535,60416.0,51297.0,60327.708333333336
2015-01-19 22:00:00,53272.0,0.025172698603393905,57789.0,48568.0,60523.708333333336
2015-01-19 23:00:00,50138.0,0.025669153137340937,53272.0,45408.0,60720.791666666664
2015-01-20 00:00:00,47985.0,0.02490361571324372,50138.0,43874.0,60892.083333333336
2015-01-20 01:00:00,47002.0,0.025020211905876347,47985.0,43324.0,61045.333333333336
2015-01-20 02:00:00,47512.0,0.02302576191277993,47002.0,43616.0,61207.666666666664
2015-01-20 03:00:00,48529.0,0.02004986708978137,47512.0,45132.0,61349.208333333336
2015-01-20 04:00:00,51622.0,0.017395684010693115,48529.0,48847.0,61464.833333333336
2015-01-20 05:00:00,59120.0,0.014479025710419485,51622.0,57739.0,61522.375
2015-01-20 06:00:00,66205.0,0.01308058303753493,59120.0,65475.0,61552.791666666664
2015-01-20 07:00:00,68861.0,0.013665209625186971,66205.0,67913.0,61592.291666666664
2015-01-20 08:00:00,69136.0,0.020032978477204352,68861.0,68452.0,61620.791666666664
2015-01-20 09:00:00,70265.0,0.02611542019497616,69136.0,69193.0,61665.458333333336
2015-01-20 10:00:00,70771.0,0.03180681352531404,70265.0,69874.0,61702.833333333336
2015-01-20 11:00:00,70426.0,0.03661999829608383,70771.0,69315.0,61749.125
2015-01-20 12:00:00,69880.0,0.03607613050944476,70426.0,69029.0,61784.583333333336
2015-01-20 13:00:00,68892.0,0.02943738024734367,69880.0,68195.0,61813.625
2015-01-20 14:00:00,68259.0,0.018004951727977263,68892.0,67445.0,61847.541666666664
2015-01-20 15:00:00,67634.0,0.008176361001862968,68259.0,66956.0,61875.791666666664
2015-01-20 16:00:00,70708.0,0.0065904848107710585,67634.0,69802.0,61913.541666666664
2015-01-20 17:00:00,70336.0,0.00743573703366697,70708.0,69656.0,61941.875
2015-01-20 18:00:00,68495.0,0.007869187531936639,70336.0,68035.0,61961.041666666664
2015-01-20 19:00:00,64528.0,0.008740391767914704,68495.0,63812.0,61990.875
2015-01-20 20:00:00,60887.0,0.011398163811651091,64528.0,60416.0,62010.5
2015-01-20 21:00:00,57910.0,0.012433085822828528,60887.0,57789.0,62015.541666666664
2015-01-20 22:00:00,53902.0,0.01467478015658046,57910.0,53272.0,62041.791666666664
2015-01-20 23:00:00,50388.0,0.016908787806620623,53902.0,50138.0,62052.208333333336
2015-01-21 00:00:00,48261.0,0.017405358363896315,50388.0,47985.0,62063.708333333336
2015-01-21 01:00:00,47427.0,0.018365066312438064,48261.0,47002.0,62081.416666666664
2015-01-21 02:00:00,47738.0,0.018748167078637565,47427.0,47512.0,62090.833333333336
2015-01-21 03:00:00,48746.0,0.019016944980100932,47738.0,48529.0,62099.875
2015-01-21 04:00:00,51835.0,0.020430211247226777,48746.0,51622.0,62108.75
2015-01-21 05:00:00,59360.0,0.02112533692722372,51835.0,59120.0,62118.75
2015-01-21 06:00:00,66263.0,0.02171649336733924,59360.0,66205.0,62121.166666666664
2015-01-21 07:00:00,68609.0,0.02636680318908598,66263.0,68861.0,62110.666666666664
2015-01-21 08:00:00,69062.0,0.043468188004981034,68609.0,69136.0,62107.583333333336
2015-01-21 09:00:00,69913.0,0.05918784775363666,69062.0,70265.0,62092.916666666664
2015-01-21 10:00:00,70239.0,0.07430344965047908,69913.0,70771.0,62070.75
2015-01-21 11:00:00,69535.0,0.08425972531818508,70239.0,70426.0,62033.625
2015-01-21 12:00:00,68982.0,0.08081818445391552,69535.0,69880.0,61996.208333333336
2015-01-21 13:00:00,68051.0,0.06481903278423536,68982.0,68892.0,61961.166666666664
2015-01-21 14:00:00,67389.0,0.04726290640905786,68051.0,68259.0,61924.916666666664
2015-01-21 15:00:00,67051.0,0.037106083429031635,67389.0,67634.0,61900.625
2015-01-21 16:00:00,70266.0,0.039336236586684885,67051.0,70708.0,61882.208333333336
2015-01-21 17:00:00,70414.0,0.04783139716533644,70266.0,70336.0,61885.458333333336
2015-01-21 18:00:00,68659.0,0.05578292722002942,70414.0,68495.0,61892.291666666664
2015-01-21 19:00:00,64410.0,0.06115510013972986,68659.0,64528.0,61887.375
2015-01-21 20:00:00,61021.0,0.06494485504990086,64410.0,60887.0,61892.958333333336
2015-01-21 21:00:00,58394.0,0.06843168818714251,61021.0,57910.0,61913.125
2015-01-21 22:00:00,54175.0,0.07374250115366866,58394.0,53902.0,61924.5
2015-01-21 23:00:00,50907.0,0.07236725794095114,54175.0,50388.0,61946.125
2015-01-22 00:00:00,48985.0,0.07100132693681739,50907.0,48261.0,61976.291666666664
2015-01-22 01:00:00,48044.0,0.07031054866372492,48985.0,47427.0,62002.0
2015-01-22 02:00:00,47940.0,0.06946182728410513,48044.0,47738.0,62010.416666666664
2015-01-22 03:00:00,48786.0,0.07034805067027426,47940.0,48746.0,62012.083333333336
2015-01-22 04:00:00,51654.0,0.07089480001548767,48786.0,51835.0,62004.541666666664
2015-01-22 05:00:00,59131.0,0.061676616326461584,51654.0,59360.0,61995.0
2015-01-22 06:00:00,66542.0,0.05279372426437438,59131.0,66263.0,62006.625
2015-01-22 07:00:00,68960.0,0.051174593967517404,66542.0,68609.0,62021.25
2015-01-22 08:00:00,69197.0,0.05688107865947946,68960.0,69062.0,62026.875
2015-01-22 09:00:00,70243.0,0.06302407357316743,69197.0,69913.0,62040.625
2015-01-22 10:00:00,71005.0,0.06736145341877332,70243.0,70239.0,62072.541666666664
2015-01-22 11:00:00,70300.0,0.06445234708392603,71005.0,69535.0,62104.416666666664
2015-01-22 12:00:00,69823.0,0.05836185784053965,70300.0,68982.0,62139.458333333336
2015-01-22 13:00:00,69396.0,0.04941206985993429,69823.0,68051.0,62195.5
2015-01-22 14:00:00,68734.0,0.03755055722058952,69396.0,67389.0,62251.541666666664
2015-01-22 15:00:00,68247.0,0.031180857766641756,68734.0,67051.0,62301.375
2015-01-22 16:00:00,70502.0,0.03151683640180421,68247.0,70266.0,62311.208333333336
2015-01-22 17:00:00,70410.0,0.03343275102968328,70502.0,70414.0,62311.041666666664
2015-01-22 18:00:00,68623.0,0.033516459496087316,70410.0,68659.0,62309.541666666664
2015-01-22 19:00:00,64759.0,0.033570623388254915,68623.0,64410.0,62324.083333333336
2015-01-22 20:00:00,61343.0,0.034315243793097826,64759.0,61021.0,62337.5
2015-01-22 21:00:00,58912.0,0.03284560021727322,61343.0,58394.0,62359.083333333336
2015-01-22 22:00:00,54581.0,0.03296018761107345,58912.0,54175.0,62376.0
2015-01-22 23:00:00,50788.0,0.03280302433645743,54581.0,50907.0,62371.041666666664
2015-01-23 00:00:00,48785.0,0.03212052885108128,50788.0,48985.0,62362.708333333336
2015-01-23 01:00:00,47813.0,0.031142157990504675,48785.0,48044.0,62353.083333333336
2015-01-23 02:00:00,48103.0,0.030642579464898238,47813.0,47940.0,62359.875
2015-01-23 03:00:00,49093.0,0.03079868820402094,48103.0,48786.0,62372.666666666664
2015-01-23 04:00:00,51882.0,0.027446898731737404,49093.0,51654.0,62382.166666666664
2015-01-23 05:00:00,58938.0,0.024076147816349383,51882.0,59131.0,62374.125
2015-01-23 06:00:00,66125.0,0.021081285444234404,58938.0,66542.0,62356.75
2015-01-23 07:00:00,68473.0,0.019087815635359922,66125.0,68960.0,62336.458333333336
2015-01-23 08:00:00,68556.0,0.020406674835171248,68473.0,69197.0,62309.75
2015-01-23 09:00:00,69566.0,0.025012218612540608,68556.0,70243.0,62281.541666666664
2015-01-23 10:00:00,69898.0,0.030129617442559157,69566.0,71005.0,62235.416666666664
2015-01-23 11:00:00,69204.0,0.03294607248135946,69898.0,70300.0,62189.75
2015-01-23 12:00:00,68146.0,0.03247439321456872,69204.0,69823.0,62119.875
2015-01-23 13:00:00,66905.0,0.027666093714968986,68146.0,69396.0,62016.083333333336
2015-01-23 14:00:00,66065.0,0.020888518882918337,66905.0,68734.0,61904.875
2015-01-23 15:00:00,66088.0,0.016962232175281443,66065.0,68247.0,61814.916666666664
2015-01-23 16:00:00,68865.0,0.01565381543599797,66088.0,70502.0,61746.708333333336
2015-01-23 17:00:00,68723.0,0.017490505362105845,68865.0,70410.0,61676.416666666664
2015-01-23 18:00:00,66321.0,0.021953830611721778,68723.0,68623.0,61580.5
2015-01-23 19:00:00,62192.0,0.03112940571134551,66321.0,64759.0,61473.541666666664
2015-01-23 20:00:00,58967.0,0.04451642444078892,62192.0,61343.0,61374.541666666664
2015-01-23 21:00:00,57041.0,0.05778299819428131,58967.0,58912.0,61296.583333333336
2015-01-23 22:00:00,54048.0,0.07262063351095323,57041.0,54581.0,61274.375
2015-01-23 23:00:00,51140.0,0.0862534219788815,54048.0,50788.0,61289.041666666664
2015-01-24 00:00:00,48721.0,0.09891012089242832,51140.0,48785.0,61286.375
2015-01-24 01:00:00,49596.0,0.11174288249052343,48721.0,47813.0,61360.666666666664
2015-01-24 02:00:00,49906.0,0.13315032260650023,49596.0,48103.0,61435.791666666664
2015-01-24 03:00:00,49793.0,0.1477516920049003,49906.0,49093.0,61464.958333333336
2015-01-24 04:00:00,47904.0,0.15677187708750834,49793.0,51882.0,61299.208333333336
2015-01-24 05:00:00,46321.0,0.17082964530126724,47904.0,58938.0,60773.5
2015-01-24 06:00:00,49079.0,0.16475478310479025,46321.0,66125.0,60063.25
2015-01-24 07:00:00,51778.0,0.15576113407238595,49079.0,68473.0,59367.625
2015-01-24 08:00:00,55538.0,0.14968129929057583,51778.0,68556.0,58825.208333333336
2015-01-24 09:00:00,58070.0,0.14225934217323918,55538.0,69566.0,58346.208333333336
2015-01-24 10:00:00,60193.0,0.13117804395859983,58070.0,69898.0,57941.833333333336
2015-01-24 11:00:00,59612.0,0.12448835804871503,60193.0,69204.0,57542.166666666664
2015-01-24 12:00:00,57603.0,0.12311858757356388,59612.0,68146.0,57102.875
2015-01-24 13:00:00,56044.0,0.10989579616015988,57603.0,66905.0,56650.333333333336
2015-01-24 14:00:00,55414.0,0.09937921824809615,56044.0,66065.0,56206.541666666664
2015-01-24 15:00:00,55614.0,0.09574927176610205,55414.0,66088.0,55770.125
2015-01-24 16:00:00,59505.0,0.09456348206033106,55614.0,68865.0,55380.125
2015-01-24 17:00:00,60419.0,0.10394081332031314,59505.0,68723.0,55034.125
2015-01-24 18:00:00,58200.0,0.1149828178694158,60419.0,66321.0,54695.75
2015-01-24 19:00:00,54217.0,0.12964568308833022,58200.0,62192.0,54363.458333333336
2015-01-24 20:00:00,51700.0,0.137678916827853,54217.0,58967.0,54060.666666666664
2015-01-24 21:00:00,51454.0,0.1373654137676371,51700.0,57041.0,53827.875
2015-01-24 22:00:00,48771.0,0.15369789424042976,51454.0,54048.0,53608.0
2015-01-24 23:00:00,45660.0,0.16662286465177398,48771.0,51140.0,53379.666666666664
2015-01-25 00:00:00,43563.0,0.18182861602736267,45660.0,48721.0,53164.75
2015-01-25 01:00:00,42562.0,0.18387293830177154,43563.0,49596.0,52871.666666666664
2015-01-25 02:00:00,41804.0,0.1854368003061908,42562.0,49906.0,52534.083333333336
2015-01-25 03:00:00,41524.0,0.17934206723822368,41804.0,49793.0,52189.541666666664
2015-01-25 04:00:00,41003.0,0.17362144233348778,41524.0,47904.0,51902.0
2015-01-25 05:00:00,39678.0,0.16812843389283735,41003.0,46321.0,51625.208333333336
2015-01-25 06:00:00,41325.0,0.1556442831215971,39678.0,49079.0,51302.125
2015-01-25 07:00:00,44054.0,0.13932900531166295,41325.0,51778.0,50980.291666666664
2015-01-25 08:00:00,47997.0,0.1321124236931475,44054.0,55538.0,50666.083333333336
2015-01-25 09:00:00,51192.0,0.12042897327707454,47997.0,58070.0,50379.5
2015-01-25 10:00:00,53687.0,0.11673216979902025,51192.0,60193.0,50108.416666666664
2015-01-25 11:00:00,53453.0,0.11763605410360503,53687.0,59612.0,49851.791666666664
2015-01-25 12:00:00,51386.0,0.11398046160432802,53453.0,57603.0,49592.75
2015-01-25 13:00:00,50114.0,0.09951311010895159,51386.0,56044.0,49345.666666666664
2015-01-25 14:00:00,49644.0,0.07916364515349288,50114.0,55414.0,49105.25
2015-01-25 15:00:00,50512.0,0.0637868229331644,49644.0,55614.0,48892.666666666664
2015-01-25 16:00:00,55223.0,0.0540535646379226,50512.0,59505.0,48714.25
2015-01-25 17:00:00,57086.0,0.051816557474687316,55223.0,60419.0,48575.375
2015-01-25 18:00:00,55711.0,0.05266464432517815,57086.0,58200.0,48471.666666666664
2015-01-25 19:00:00,53282.0,0.05429600990953793,55711.0,54217.0,48432.708333333336
2015-01-25 20:00:00,51817.0,0.05283980160951039,53282.0,51700.0,48437.583333333336
2015-01-25 21:00:00,52230.0,0.050813708596592,51817.0,51454.0,48469.916666666664
2015-01-25 22:00:00,49521.0,0.05476464530199309,52230.0,48771.0,48501.166666666664
2015-01-25 23:00:00,46454.0,0.06548413484307057,49521.0,45660.0,48534.25
2015-01-26 00:00:00,44467.0,0.0770234106191108,46454.0,43563.0,48571.916666666664
2015-01-26 01:00:00,43941.0,0.08718508909674336,44467.0,42562.0,48629.375
2015-01-26 02:00:00,44300.0,0.09672686230248306,43941.0,41804.0,48733.375
2015-01-26 03:00:00,45868.0,0.10528036975669312,44300.0,41524.0,48914.375
2015-01-26 04:00:00,49798.0,0.10614884131892847,45868.0,41003.0,49280.833333333336
2015-01-26 05:00:00,58751.0,0.09984510901942095,49798.0,39678.0,50075.541666666664
2015-01-26 06:00:00,65874.0,0.09991802532106749,58751.0,41325.0,51098.416666666664
2015-01-26 07:00:00,68660.0,0.10595688901835129,65874.0,44054.0,52123.666666666664
2015-01-26 08:00:00,68736.0,0.12225034916201118,68660.0,47997.0,52987.791666666664
2015-01-26 09:00:00,70221.0,0.13675396248985347,68736.0,51192.0,53780.666666666664
2015-01-26 10:00:00,71462.0,0.151353166717976,70221.0,53687.0,54521.291666666664
2015-01-26 11:00:00,71176.0,0.16955153422501967,71462.0,53453.0,55259.75
2015-01-26 12:00:00,70765.0,0.17772910337031017,71176.0,51386.0,56067.208333333336
2015-01-26 13:00:00,69632.0,0.17431640625,70765.0,50114.0,56880.458333333336
2015-01-26 14:00:00,68581.0,0.17071783730187662,69632.0,49644.0,57669.5
2015-01-26 15:00:00,68202.0,0.17411512858860445,68581.0,50512.0,58406.583333333336
2015-01-26 16:00:00,70783.0,0.18161140386816044,68202.0,55223.0,59054.916666666664
2015-01-26 17:00:00,70883.0,0.19527954516597773,70783.0,57086.0,59629.791666666664
2015-01-26 18:00:00,69341.0,0.2017421150545853,70883.0,55711.0,60197.708333333336
2015-01-26 19:00:00,65221.0,0.21048435319912298,69341.0,53282.0,60695.166666666664
2015-01-26 20:00:00,61753.0,0.21694492575259502,65221.0,51817.0,61109.166666666664
2015-01-26 21:00:00,58769.0,0.2333202879068897,61753.0,52230.0,61381.625
2015-01-26 22:00:00,54503.0,0.27053556684953123,58769.0,49521.0,61589.208333333336
2015-01-26 23:00:00,51183.0,0.29996287829943535,54503.0,46454.0,61786.25
2015-01-27 00:00:00,49395.0,0.3142423322198603,51183.0,44467.0,61991.583333333336
2015-01-27 01:00:00,48501.0,0.32042638296117604,49395.0,43941.0,62181.583333333336
2015-01-27 02:00:00,48702.0,0.31212270543304177,48501.0,44300.0,62365.0
2015-01-27 03:00:00,49610.0,0.30596653900423304,48702.0,45868.0,62520.916666666664
2015-01-27 04:00:00,52571.0,0.2878393030377965,49610.0,49798.0,62636.458333333336
2015-01-27 05:00:00,60032.0,0.24891724413646055,52571.0,58751.0,62689.833333333336
2015-01-27 06:00:00,66720.0,0.2242505995203837,60032.0,65874.0,62725.083333333336
2015-01-27 07:00:00,68466.0,0.21046943008208455,66720.0,68660.0,62717.0
2015-01-27 08:00:00,68269.0,0.20269814996557736,68466.0,68736.0,62697.541666666664
2015-01-27 09:00:00,69100.0,0.21321273516642547,68269.0,70221.0,62650.833333333336
2015-01-27 10:00:00,70081.0,0.2215008347483626,69100.0,71462.0,62593.291666666664
2015-01-27 11:00:00,69432.0,0.22891462150017283,70081.0,71176.0,62520.625
2015-01-27 12:00:00,68948.0,0.21516215118640133,69432.0,70765.0,62444.916666666664
2015-01-27 13:00:00,67922.0,0.20364535791054444,68948.0,69632.0,62373.666666666664
2015-01-27 14:00:00,67443.0,0.17505152499147428,67922.0,68581.0,62326.25
2015-01-27 15:00:00,66672.0,0.1402537796976242,67443.0,68202.0,62262.5
2015-01-27 16:00:00,69423.0,0.1131613442230961,66672.0,70783.0,62205.833333333336
2015-01-27 17:00:00,70216.0,0.10889256010026205,69423.0,70883.0,62178.041666666664
2015-01-27 18:00:00,68337.0,0.1090039071074235,70216.0,69341.0,62136.208333333336
2015-01-27 19:00:00,64402.0,0.10670476072171672,68337.0,65221.0,62102.083333333336
2015-01-27 20:00:00,60965.0,0.10842286557861068,64402.0,61753.0,62069.25
2015-01-27 21:00:00,58254.0,0.11288495210629312,60965.0,58769.0,62047.791666666664
2015-01-27 22:00:00,54066.0,0.11474864055043835,58254.0,54503.0,62029.583333333336
2015-01-27 23:00:00,50848.0,0.1236626809314034,54066.0,51183.0,62015.625
2015-01-28 00:00:00,48565.0,0.12504890353134973,50848.0,49395.0,61981.041666666664
2015-01-28 01:00:00,47477.0,0.13023148050635044,48565.0,48501.0,61938.375
2015-01-28 02:00:00,47814.0,0.13956163466767055,47477.0,48702.0,61901.375
2015-01-28 03:00:00,49219.0,0.1514862146731953,47814.0,49610.0,61885.083333333336
2015-01-28 04:00:00,52359.0,0.1623025649840524,49219.0,52571.0,61876.25
2015-01-28 05:00:00,59808.0,0.16287118780096307,52359.0,60032.0,61866.916666666664
2015-01-28 06:00:00,66823.0,0.16916331203328194,59808.0,66720.0,61871.208333333336
2015-01-28 07:00:00,68966.0,0.18723718933967462,66823.0,68466.0,61892.041666666664
2015-01-28 08:00:00,69270.0,0.2237909628988018,68966.0,68269.0,61933.75
2015-01-28 09:00:00,70276.0,0.26210939723376403,69270.0,69100.0,61982.75
2015-01-28 10:00:00,71282.0,0.3043966218680733,70276.0,70081.0,62032.791666666664
2015-01-28 11:00:00,71348.0,0.3438498626450636,71282.0,69432.0,62112.625
2015-01-28 12:00:00,70833.0,0.3727217539847246,71348.0,68948.0,62191.166666666664
2015-01-28 13:00:00,69952.0,0.38677950594693505,70833.0,67922.0,62275.75
2015-01-28 14:00:00,70018.0,0.38235882201719557,69952.0,67443.0,62383.041666666664
2015-01-28 15:00:00,69699.0,0.3873369775750011,70018.0,66672.0,62509.166666666664
2015-01-28 16:00:00,72415.0,0.3751294621280121,69699.0,69423.0,62633.833333333336
2015-01-28 17:00:00,72853.0,0.3717348633549751,72415.0,70216.0,62743.708333333336
2015-01-28 18:00:00,71021.0,0.3688908914264795,72853.0,68337.0,62855.541666666664
2015-01-28 19:00:00,66473.0,0.3908504204714696,71021.0,64402.0,62941.833333333336
2015-01-28 20:00:00,63637.0,0.4011345600829706,66473.0,60965.0,63053.166666666664
2015-01-28 21:00:00,61481.0,0.39901758266781606,63637.0,58254.0,63187.625
2015-01-28 22:00:00,56917.0,0.4115114992005903,61481.0,54066.0,63306.416666666664
2015-01-28 23:00:00,50909.0,0.4351293484452651,56917.0,50848.0,63308.958333333336
2015-01-29 00:00:00,48776.0,0.44468591110382155,50909.0,48565.0,63317.75
2015-01-29 01:00:00,47172.0,0.44899516662426864,48776.0,47477.0,63305.041666666664
2015-01-29 02:00:00,47702.0,0.4351809148463377,47172.0,47814.0,63300.375
2015-01-29 03:00:00,48771.0,0.42252568124500217,47702.0,49219.0,63281.708333333336
2015-01-29 04:00:00,51013.0,0.4053280536333876,48771.0,52359.0,63225.625
2015-01-29 05:00:00,59719.0,0.3533213885028215,51013.0,59808.0,63221.916666666664
2015-01-29 06:00:00,67602.0,0.3197982308215733,59719.0,66823.0,63254.375
2015-01-29 07:00:00,69427.0,0.31996197444798136,67602.0,68966.0,63273.583333333336
2015-01-29 08:00:00,70268.0,0.3419337393977344,69427.0,69270.0,63315.166666666664
2015-01-29 09:00:00,71813.0,0.3644047735089747,70268.0,70276.0,63379.208333333336
2015-01-29 10:00:00,72934.0,0.36685222255738065,71813.0,71282.0,63448.041666666664
2015-01-29 11:00:00,72104.0,0.37225396649284365,72934.0,71348.0,63479.541666666664
2015-01-29 12:00:00,71366.0,0.3473642911190203,72104.0,70833.0,63501.75
2015-01-29 13:00:00,70982.0,0.3041334422811417,71366.0,69952.0,63544.666666666664
2015-01-29 14:00:00,69811.0,0.25117818108894013,70982.0,70018.0,63536.041666666664
2015-01-29 15:00:00,68360.0,0.20511995318899942,69811.0,69699.0,63480.25
2015-01-29 16:00:00,70389.0,0.17907627612268961,68360.0,72415.0,63395.833333333336
2015-01-29 17:00:00,70993.0,0.1685659149493612,70389.0,72853.0,63318.333333333336
2015-01-29 18:00:00,69203.0,0.15723306793058103,70993.0,71021.0,63242.583333333336
2015-01-29 19:00:00,65094.0,0.15337819153839063,69203.0,66473.0,63185.125
2015-01-29 20:00:00,61483.0,0.14917944797748972,65094.0,63637.0,63095.375
2015-01-29 21:00:00,58525.0,0.14539085860743273,61483.0,61481.0,62972.208333333336
2015-01-29 22:00:00,54392.0,0.14283350492719518,58525.0,56917.0,62867.0
2015-01-29 23:00:00,50544.0,0.1133270022158911,54392.0,50909.0,62851.791666666664
2015-01-30 00:00:00,48558.0,0.1016722270274723,50544.0,48776.0,62842.708333333336
2015-01-30 01:00:00,47964.0,0.08287465599199399,48558.0,47172.0,62875.708333333336
2015-01-30 02:00:00,48057.0,0.070562040909753,47964.0,47702.0,62890.5
2015-01-30 03:00:00,49158.0,0.06538101631474022,48057.0,48771.0,62906.625
2015-01-30 04:00:00,51850.0,0.05799421407907425,49158.0,51013.0,62941.5
2015-01-30 05:00:00,59244.0,0.05035109040577949,51850.0,59719.0,62921.708333333336
2015-01-30 06:00:00,66100.0,0.042950075642965206,59244.0,67602.0,62859.125
2015-01-30 07:00:00,68260.0,0.04780251977732201,66100.0,69427.0,62810.5
2015-01-30 08:00:00,68725.0,0.06025463805020007,68260.0,70268.0,62746.208333333336
2015-01-30 09:00:00,69520.0,0.07852416570771001,68725.0,71813.0,62650.666666666664
2015-01-30 10:00:00,69807.0,0.0916526995860014,69520.0,72934.0,62520.375
2015-01-30 11:00:00,68945.0,0.09800565668286315,69807.0,72104.0,62388.75
2015-01-30 12:00:00,67444.0,0.10258881442381827,68945.0,71366.0,62225.333333333336
2015-01-30 13:00:00,65798.0,0.09706981975136023,67444.0,70982.0,62009.333333333336
2015-01-30 14:00:00,64420.0,0.07617199627444893,65798.0,69811.0,61784.708333333336
2015-01-30 15:00:00,64511.0,0.058470648416549115,64420.0,68360.0,61624.333333333336
2015-01-30 16:00:00,67658.0,0.04762186289869638,64511.0,70389.0,61510.541666666664
2015-01-30 17:00:00,68792.0,0.04805791371089661,67658.0,70993.0,61418.833333333336
2015-01-30 18:00:00,66630.0,0.054209815398469155,68792.0,69203.0,61311.625
2015-01-30 19:00:00,62400.0,0.061378205128205125,66630.0,65094.0,61199.375
2015-01-30 20:00:00,59173.0,0.06883206867997228,62400.0,61483.0,61103.125
2015-01-30 21:00:00,57408.0,0.0684399386845039,59173.0,58525.0,61056.583333333336
2015-01-30 22:00:00,54083.0,0.06974465173899377,57408.0,54392.0,61043.708333333336
2015-01-30 23:00:00,50335.0,0.09810271183073409,54083.0,50544.0,61035.0
2015-01-31 00:00:00,48177.0,0.10415758556987774,50335.0,48558.0,61019.125
2015-01-31 01:00:00,46929.0,0.11672952758422298,48177.0,47964.0,60976.0
2015-01-31 02:00:00,46027.0,0.13037999435114173,46929.0,48057.0,60891.416666666664
2015-01-31 03:00:00,45923.0,0.14073557912157306,46027.0,49158.0,60756.625
2015-01-31 04:00:00,45254.0,0.14367790692535468,45923.0,51850.0,60481.791666666664
2015-01-31 05:00:00,45482.0,0.13724110637175146,45254.0,59244.0,59908.375
2015-01-31 06:00:00,48875.0,0.12333503836317136,45482.0,66100.0,59190.666666666664
2015-01-31 07:00:00,52896.0,0.11316545674531156,48875.0,68260.0,58550.5
2015-01-31 08:00:00,56106.0,0.11506790717570313,52896.0,68725.0,58024.708333333336
2015-01-31 09:00:00,57385.0,0.1279254160494903,56106.0,69520.0,57519.083333333336
2015-01-31 10:00:00,58239.0,0.14457665825306065,57385.0,69807.0,57037.083333333336
2015-01-31 11:00:00,57511.0,0.15678739719358037,58239.0,68945.0,56560.666666666664
2015-01-31 12:00:00,55522.0,0.1661683656928785,57511.0,67444.0,56063.916666666664
2015-01-31 13:00:00,54435.0,0.15517589785983282,55522.0,65798.0,55590.458333333336
2015-01-31 14:00:00,53546.0,0.1269189108430135,54435.0,64420.0,55137.375
2015-01-31 15:00:00,53708.0,0.09452967900498994,53546.0,64511.0,54687.25
2015-01-31 16:00:00,57689.0,0.08232071972126402,53708.0,67658.0,54271.875
2015-01-31 17:00:00,59478.0,0.08757860049093782,57689.0,68792.0,53883.791666666664
2015-01-31 18:00:00,57093.0,0.09854097700243462,59478.0,66630.0,53486.416666666664
2015-01-31 19:00:00,53510.0,0.11308166697813493,57093.0,62400.0,53116.0
2015-01-31 20:00:00,51122.0,0.12341066468448027,53510.0,59173.0,52780.541666666664
2015-01-31 21:00:00,50760.0,0.1220843183609141,51122.0,57408.0,52503.541666666664
2015-01-31 22:00:00,48080.0,0.12316971713810317,50760.0,54083.0,52253.416666666664
2015-01-31 23:00:00,45272.0,0.12378512104612122,48080.0,50335.0,52042.458333333336
2015-02-01 00:00:00,42863.0,0.12124676294239788,45272.0,48177.0,51821.041666666664
2015-02-01 01:00:00,41706.0,0.11638613149187167,42863.0,46929.0,51603.416666666664
2015-02-01 02:00:00,41187.0,0.10406196129846797,41706.0,46027.0,51401.75
2015-02-01 03:00:00,40990.0,0.09770675774579166,41187.0,45923.0,51196.208333333336
2015-02-01 04:00:00,40322.0,0.09620058528842815,40990.0,45254.0,50990.708333333336
2015-02-01 05:00:00,39251.0,0.09808667295100762,40322.0,45482.0,50731.083333333336
2015-02-01 06:00:00,41236.0,0.09360752740323988,39251.0,48875.0,50412.791666666664
2015-02-01 07:00:00,44283.0,0.0913443081995348,41236.0,52896.0,50053.916666666664
2015-02-01 08:00:00,47866.0,0.10963941001963816,44283.0,56106.0,49710.583333333336
2015-02-01 09:00:00,50427.0,0.13260753167945744,47866.0,57385.0,49420.666666666664
2015-02-01 10:00:00,52824.0,0.1474140542177798,50427.0,58239.0,49195.041666666664
2015-02-01 11:00:00,52551.0,0.1550874388689083,52824.0,57511.0,48988.375
2015-02-01 12:00:00,50776.0,0.1601544036552702,52551.0,55522.0,48790.625
2015-02-01 13:00:00,49343.0,0.15250390126259045,50776.0,54435.0,48578.458333333336
2015-02-01 14:00:00,48978.0,0.13169177998284945,49343.0,53546.0,48388.125
2015-02-01 15:00:00,49380.0,0.11508707978938841,48978.0,53708.0,48207.791666666664
2015-02-01 16:00:00,53440.0,0.11042290419161677,49380.0,57689.0,48030.75
2015-02-01 17:00:00,56292.0,0.11362182903432104,53440.0,59478.0,47898.0
2015-02-01 18:00:00,55451.0,0.12906890768426177,56292.0,57093.0,47829.583333333336
2015-02-01 19:00:00,53184.0,0.1391019855595668,55451.0,53510.0,47816.0
2015-02-01 20:00:00,51911.0,0.14214713644506943,53184.0,51122.0,47848.875
2015-02-01 21:00:00,52434.0,0.1465461341877408,51911.0,50760.0,47918.625
2015-02-01 22:00:00,50139.0,0.1513791659187459,52434.0,48080.0,48004.416666666664
2015-02-01 23:00:00,47521.0,0.15468950569222029,50139.0,45272.0,48098.125
2015-02-02 00:00:00,45816.0,0.160009603631919,47521.0,42863.0,48221.166666666664
2015-02-02 01:00:00,44892.0,0.157043571237637,45816.0,41706.0,48353.916666666664
2015-02-02 02:00:00,45096.0,0.16569097037431257,44892.0,41187.0,48516.791666666664
2015-02-02 03:00:00,46818.0,0.1734162074415823,45096.0,40990.0,48759.625
2015-02-02 04:00:00,50595.0,0.16537207233916396,46818.0,40322.0,49187.666666666664
2015-02-02 05:00:00,58899.0,0.14524864598719842,50595.0,39251.0,50006.333333333336
2015-02-02 06:00:00,66063.0,0.1397908057460303,58899.0,41236.0,51040.791666666664
2015-02-02 07:00:00,68007.0,0.1404414251474113,66063.0,44283.0,52029.291666666664
2015-02-02 08:00:00,68587.0,0.15211337425459634,68007.0,47866.0,52892.666666666664
2015-02-02 09:00:00,69635.0,0.16681266604437422,68587.0,50427.0,53693.0
2015-02-02 10:00:00,70997.0,0.17600743693395496,69635.0,52824.0,54450.208333333336
2015-02-02 11:00:00,70805.0,0.19331968081350187,70997.0,52551.0,55210.791666666664
2015-02-02 12:00:00,70077.0,0.1918603821510624,70805.0,50776.0,56015.0
2015-02-02 13:00:00,68979.0,0.17434291595992985,70077.0,49343.0,56833.166666666664
2015-02-02 14:00:00,67991.0,0.1475489403009222,68979.0,48978.0,57625.375
2015-02-02 15:00:00,66768.0,0.12282830098250659,67991.0,49380.0,58349.875
2015-02-02 16:00:00,69377.0,0.11044005938567537,66768.0,53440.0,59013.916666666664
2015-02-02 17:00:00,70632.0,0.10505153471514328,69377.0,56292.0,59611.416666666664
2015-02-02 18:00:00,69150.0,0.11159797541576283,70632.0,55451.0,60182.208333333336
2015-02-02 19:00:00,65057.0,0.12049433573635428,69150.0,53184.0,60676.916666666664
2015-02-02 20:00:00,61842.0,0.12565893729180816,65057.0,51911.0,61090.708333333336
2015-02-02 21:00:00,59541.0,0.12885238743051006,61842.0,52434.0,61386.833333333336
2015-02-02 22:00:00,55289.0,0.12977264917072112,59541.0,50139.0,61601.416666666664
2015-02-02 23:00:00,52126.0,0.13041476422514675,55289.0,47521.0,61793.291666666664
2015-02-03 00:00:00,50039.0,0.12927916225344233,52126.0,45816.0,61969.25
2015-02-03 01:00:00,49457.0,0.1289807307357907,50039.0,44892.0,62159.458333333336
2015-02-03 02:00:00,49602.0,0.1300955606628765,49457.0,45096.0,62347.208333333336
2015-02-03 03:00:00,50780.0,0.12394643560456872,49602.0,46818.0,62512.291666666664
2015-02-03 04:00:00,53250.0,0.11019718309859156,50780.0,50595.0,62622.916666666664
2015-02-03 05:00:00,60038.0,0.09374063093374196,53250.0,58899.0,62670.375
2015-02-03 06:00:00,66719.0,0.0756006534870127,60038.0,66063.0,62697.708333333336
2015-02-03 07:00:00,68819.0,0.07003879742512968,66719.0,68007.0,62731.541666666664
2015-02-03 08:00:00,69261.0,0.07701303764023043,68819.0,68587.0,62759.625
2015-02-03 09:00:00,70111.0,0.09285276204875127,69261.0,69635.0,62779.458333333336
2015-02-03 10:00:00,70459.0,0.11200840204941881,70111.0,70997.0,62757.041666666664
2015-02-03 11:00:00,70134.0,0.12701400176804403,70459.0,70805.0,62729.083333333336
2015-02-03 12:00:00,68910.0,0.126077492381367,70134.0,70077.0,62680.458333333336
2015-02-03 13:00:00,67622.0,0.11472597675312768,68910.0,68979.0,62623.916666666664
2015-02-03 14:00:00,66924.0,0.09700555854402008,67622.0,67991.0,62579.458333333336
2015-02-03 15:00:00,66057.0,0.06473197390132764,66924.0,66768.0,62549.833333333336
2015-02-03 16:00:00,68891.0,0.04827916563847237,66057.0,69377.0,62529.583333333336
2015-02-03 17:00:00,70889.0,0.0437162324196984,68891.0,70632.0,62540.291666666664
2015-02-03 18:00:00,69297.0,0.040752124911612335,70889.0,69150.0,62546.416666666664
2015-02-03 19:00:00,65432.0,0.041080816725761096,69297.0,65057.0,62562.041666666664
2015-02-03 20:00:00,61812.0,0.04010548113634893,65432.0,61842.0,62560.791666666664
2015-02-03 21:00:00,59384.0,0.04118954600565809,61812.0,59541.0,62554.25
2015-02-03 22:00:00,55706.0,0.04435787886403619,59384.0,55289.0,62571.625
2015-02-03 23:00:00,52444.0,0.048337274044695296,55706.0,52126.0,62584.875
2015-02-04 00:00:00,50321.0,0.04646171578466247,52444.0,50039.0,62596.625
2015-02-04 01:00:00,49351.0,0.04247127717776742,50321.0,49457.0,62592.208333333336
2015-02-04 02:00:00,49460.0,0.04264051758997169,49351.0,49602.0,62586.291666666664
2015-02-04 03:00:00,50406.0,0.043090108320438046,49460.0,50780.0,62570.708333333336
2015-02-04 04:00:00,53350.0,0.04080599812558575,50406.0,53250.0,62574.875
2015-02-04 05:00:00,60713.0,0.035428985554988225,53350.0,60038.0,62603.0
2015-02-04 06:00:00,67175.0,0.030070710829921847,60713.0,66719.0,62622.0
2015-02-04 07:00:00,68926.0,0.034732901952818966,67175.0,68819.0,62626.458333333336
2015-02-04 08:00:00,69575.0,0.049385555156306146,68926.0,69261.0,62639.541666666664
2015-02-04 09:00:00,70397.0,0.07123883120019318,69575.0,70111.0,62651.458333333336
2015-02-04 10:00:00,70907.0,0.09413739123076706,70397.0,70459.0,62670.125
2015-02-04 11:00:00,70131.0,0.10714234789180248,70907.0,70134.0,62670.0
2015-02-04 12:00:00,69435.0,0.1101029740044646,70131.0,68910.0,62691.875
2015-02-04 13:00:00,68297.0,0.10056078597888633,69435.0,67622.0,62720.0
2015-02-04 14:00:00,67418.0,0.07315553709691773,68297.0,66924.0,62740.583333333336
2015-02-04 15:00:00,66726.0,0.03942990738242964,67418.0,66057.0,62768.458333333336
2015-02-04 16:00:00,69271.0,0.023934980006063145,66726.0,68891.0,62784.291666666664
2015-02-04 17:00:00,71160.0,0.0209106239460371,69271.0,70889.0,62795.583333333336
2015-02-04 18:00:00,69626.0,0.01911642202625456,71160.0,69297.0,62809.291666666664
2015-02-04 19:00:00,65611.0,0.0182438920302998,69626.0,65432.0,62816.75
2015-02-04 20:00:00,62408.0,0.018427124727599026,65611.0,61812.0,62841.583333333336
2015-02-04 21:00:00,60283.0,0.01746761110097374,62408.0,59384.0,62879.041666666664
2015-02-04 22:00:00,56179.0,0.017818045889033268,60283.0,55706.0,62898.75
2015-02-04 23:00:00,52693.0,0.02119826162867933,56179.0,52444.0,62909.125
2015-02-05 00:00:00,50594.0,0.0245286002292762,52693.0,50321.0,62920.5
2015-02-05 01:00:00,49378.0,0.027562882255255376,50594.0,49351.0,62921.625
2015-02-05 02:00:00,49286.0,0.030454895913646876,49378.0,49460.0,62914.375
2015-02-05 03:00:00,50172.0,0.035378298652634935,49286.0,50406.0,62904.625
2015-02-05 04:00:00,53276.0,0.03787821908551693,50172.0,53350.0,62901.541666666664
2015-02-05 05:00:00,60385.0,0.03437939885733212,53276.0,60713.0,62887.875
2015-02-05 06:00:00,67106.0,0.03275415015050815,60385.0,67175.0,62885.0
2015-02-05 07:00:00,68993.0,0.0422796515588538,67106.0,68926.0,62887.791666666664
2015-02-05 08:00:00,69081.0,0.060798193425109656,68993.0,69575.0,62867.208333333336
2015-02-05 09:00:00,69359.0,0.08864026297957006,69081.0,70397.0,62823.958333333336
2015-02-05 10:00:00,70452.0,0.11484414920797138,69359.0,70907.0,62805.0
2015-02-05 11:00:00,70020.0,0.13588974578691804,70452.0,70131.0,62800.375
2015-02-05 12:00:00,69759.0,0.14551527401482245,70020.0,69435.0,62813.875
2015-02-05 13:00:00,68360.0,0.13959918080748976,69759.0,68297.0,62816.5
2015-02-05 14:00:00,67976.0,0.12536777686242204,68360.0,67418.0,62839.75
2015-02-05 15:00:00,67284.0,0.10840615896795672,67976.0,66726.0,62863.0
2015-02-05 16:00:00,69481.0,0.10994372562283214,67284.0,69271.0,62871.75
2015-02-05 17:00:00,71162.0,0.1257131615187881,69481.0,71160.0,62871.833333333336
2015-02-05 18:00:00,69796.0,0.14198521405238124,71162.0,69626.0,62878.916666666664
2015-02-05 19:00:00,65856.0,0.15641703109815355,69796.0,65611.0,62889.125
2015-02-05 20:00:00,62586.0,0.1649250631131563,65856.0,62408.0,62896.541666666664
2015-02-05 21:00:00,60329.0,0.17087967644084934,62586.0,60283.0,62898.458333333336
2015-02-05 22:00:00,56473.0,0.18548686983160095,60329.0,56179.0,62910.708333333336
2015-02-05 23:00:00,52888.0,0.19108304341249432,56473.0,52693.0,62918.833333333336
2015-02-06 00:00:00,51001.0,0.19262367404560696,52888.0,50594.0,62935.791666666664
2015-02-06 01:00:00,50041.0,0.1929018205071841,51001.0,49378.0,62963.416666666664
2015-02-06 02:00:00,50138.0,0.18520882364673502,50041.0,49286.0,62998.916666666664
2015-02-06 03:00:00,50837.0,0.1837047819501544,50138.0,50172.0,63026.625
2015-02-06 04:00:00,53603.0,0.1703449433800347,50837.0,53276.0,63040.25
2015-02-06 05:00:00,60775.0,0.1446812011517894,53603.0,60385.0,63056.5
2015-02-06 06:00:00,67489.0,0.12686511876009424,60775.0,67106.0,63072.458333333336
2015-02-06 07:00:00,69348.0,0.1221953048393609,67489.0,68993.0,63087.25
2015-02-06 08:00:00,69768.0,0.14142586859305126,69348.0,69081.0,63115.875
2015-02-06 09:00:00,70123.0,0.1668781997347518,69768.0,69359.0,63147.708333333336
2015-02-06 10:00:00,70404.0,0.20047156411567524,70123.0,70452.0,63145.708333333336
2015-02-06 11:00:00,69190.0,0.22283566989449344,70404.0,70020.0,63111.125
2015-02-06 12:00:00,67425.0,0.22989988876529477,69190.0,69759.0,63013.875
2015-02-06 13:00:00,65628.0,0.21435972450783203,67425.0,68360.0,62900.041666666664
2015-02-06 14:00:00,65248.0,0.17559158901422267,65628.0,67976.0,62786.375
2015-02-06 15:00:00,64549.0,0.12649305179011294,65248.0,67284.0,62672.416666666664
2015-02-06 16:00:00,67310.0,0.09656811766453721,64549.0,69481.0,62581.958333333336
2015-02-06 17:00:00,69539.0,0.08580796387638591,67310.0,71162.0,62514.333333333336
2015-02-06 18:00:00,67770.0,0.08332595543750922,69539.0,69796.0,62429.916666666664
2015-02-06 19:00:00,63714.0,0.08318422952569295,67770.0,65856.0,62340.666666666664
2015-02-06 20:00:00,60562.0,0.08189954096628249,63714.0,62586.0,62256.333333333336
2015-02-06 21:00:00,58930.0,0.07865263872390972,60562.0,60329.0,62198.041666666664
2015-02-06 22:00:00,55675.0,0.0792276605298608,58930.0,56473.0,62164.791666666664
2015-02-06 23:00:00,52643.0,0.07814904165796022,55675.0,52888.0,62154.583333333336
2015-02-07 00:00:00,50874.0,0.07719070645123245,52643.0,51001.0,62149.291666666664
2015-02-07 01:00:00,49355.0,0.08049842974369364,50874.0,50041.0,62120.708333333336
2015-02-07 02:00:00,48294.0,0.0850416200770282,49355.0,50138.0,62043.875
2015-02-07 03:00:00,47901.0,0.09087492954218075,48294.0,50837.0,61921.541666666664
2015-02-07 04:00:00,47264.0,0.102551624915369,47901.0,53603.0,61657.416666666664
2015-02-07 05:00:00,47595.0,0.1139405399726862,47264.0,60775.0,61108.25
2015-02-07 06:00:00,50570.0,0.12084239667787226,47595.0,67489.0,60403.291666666664
2015-02-07 07:00:00,53695.0,0.13785268646987614,50570.0,69348.0,59751.083333333336
2015-02-07 08:00:00,56728.0,0.18103934564941476,53695.0,69768.0,59207.75
2015-02-07 09:00:00,58320.0,0.2296639231824417,56728.0,70123.0,58715.958333333336
2015-02-07 10:00:00,59256.0,0.2752126366950182,58320.0,70404.0,58251.458333333336
2015-02-07 11:00:00,58584.0,0.30873617369930356,59256.0,69190.0,57809.541666666664
2015-02-07 12:00:00,56620.0,0.3326386435888379,58584.0,67425.0,57359.333333333336
2015-02-07 13:00:00,55216.0,0.33251231527093594,56620.0,65628.0,56925.5
2015-02-07 14:00:00,54731.0,0.3185763095868886,55216.0,65248.0,56487.291666666664
2015-02-07 15:00:00,54924.0,0.2970832422984488,54731.0,64549.0,56086.25
2015-02-07 16:00:00,58279.0,0.27881398102232363,54924.0,67310.0,55709.958333333336
2015-02-07 17:00:00,61577.0,0.285073972424769,58279.0,69539.0,55378.208333333336
2015-02-07 18:00:00,58978.0,0.3185594628505544,61577.0,67770.0,55011.875
2015-02-07 19:00:00,55307.0,0.3613828267669554,58978.0,63714.0,54661.583333333336
2015-02-07 20:00:00,51932.0,0.4102095047369637,55307.0,60562.0,54302.0
2015-02-07 21:00:00,51959.0,0.4266825766469716,51932.0,58930.0,54011.541666666664
2015-02-07 22:00:00,49465.0,0.46077024158495905,51959.0,55675.0,53752.791666666664
2015-02-07 23:00:00,46702.0,0.4937904158280159,49465.0,52643.0,53505.25
2015-02-08 00:00:00,44616.0,0.5282858167473552,46702.0,50874.0,53244.5
2015-02-08 01:00:00,43499.0,0.5541276810961171,44616.0,49355.0,53000.5
2015-02-08 02:00:00,42969.0,0.5483022644231889,43499.0,48294.0,52778.625
2015-02-08 03:00:00,42462.0,0.5315105270594885,42969.0,47901.0,52552.0
2015-02-08 04:00:00,41602.0,0.5182923897889524,42462.0,47264.0,52316.083333333336
2015-02-08 05:00:00,40637.0,0.5015626153505426,41602.0,47595.0,52026.166666666664
2015-02-08 06:00:00,42974.0,0.458346907432401,40637.0,50570.0,51709.666666666664
2015-02-08 07:00:00,46276.0,0.41699801192842945,42974.0,53695.0,51400.541666666664
2015-02-08 08:00:00,50121.0,0.4271463059396261,46276.0,56728.0,51125.25
2015-02-08 09:00:00,53019.0,0.44661347818706504,50121.0,58320.0,50904.375
2015-02-08 10:00:00,54398.0,0.4639141144895033,53019.0,59256.0,50701.958333333336
2015-02-08 11:00:00,53545.0,0.4890092445606499,54398.0,58584.0,50492.0
2015-02-08 12:00:00,51588.0,0.48619834069938744,53545.0,56620.0,50282.333333333336
2015-02-08 13:00:00,49815.0,0.459178962159992,51588.0,55216.0,50057.291666666664
2015-02-08 14:00:00,48948.0,0.3834068807714309,49815.0,54731.0,49816.333333333336
2015-02-08 15:00:00,49318.0,0.2799180826473093,48948.0,54924.0,49582.75
2015-02-08 16:00:00,53045.0,0.20891695730040533,49318.0,58279.0,49364.666666666664
2015-02-08 17:00:00,57915.0,0.1952171285504619,53045.0,61577.0,49212.083333333336
2015-02-08 18:00:00,56828.0,0.20410713028788624,57915.0,58978.0,49122.5
2015-02-08 19:00:00,54665.0,0.22332388182566543,56828.0,55307.0,49095.75
2015-02-08 20:00:00,53423.0,0.2509593246354566,54665.0,51932.0,49157.875
2015-02-08 21:00:00,54043.0,0.2716170456858428,53423.0,51959.0,49244.708333333336
2015-02-08 22:00:00,51381.0,0.3013176076759892,54043.0,49465.0,49324.541666666664
2015-02-08 23:00:00,48545.0,0.3359975280667422,51381.0,46702.0,49401.333333333336
2015-02-09 00:00:00,46620.0,0.3682968682968683,48545.0,44616.0,49484.833333333336
2015-02-09 01:00:00,45892.0,0.38154798221912317,46620.0,43499.0,49584.541666666664
2015-02-09 02:00:00,46311.0,0.3885254043315843,45892.0,42969.0,49723.791666666664
2015-02-09 03:00:00,47544.0,0.39275197711593474,46311.0,42462.0,49935.541666666664
2015-02-09 04:00:00,51090.0,0.3731845762380114,47544.0,41602.0,50330.875
2015-02-09 05:00:00,59627.0,0.330471095309172,51090.0,40637.0,51122.125
2015-02-09 06:00:00,66517.0,0.2954432701414676,59627.0,42974.0,52103.083333333336
2015-02-09 07:00:00,69206.0,0.2814784845244632,66517.0,46276.0,53058.5
2015-02-09 08:00:00,69923.0,0.2760322068561131,69206.0,50121.0,53883.583333333336
2015-02-09 09:00:00,71300.0,0.277194950911641,69923.0,53019.0,54645.291666666664
2015-02-09 10:00:00,72006.0,0.28239313390550785,71300.0,54398.0,55378.958333333336
2015-02-09 11:00:00,71613.0,0.2921536592518118,72006.0,53545.0,56131.791666666664
2015-02-09 12:00:00,71101.0,0.29091011378180337,71613.0,51588.0,56944.833333333336
2015-02-09 13:00:00,70211.0,0.2788736807622737,71101.0,49815.0,57794.666666666664
2015-02-09 14:00:00,69257.0,0.2521911142555987,70211.0,48948.0,58640.875
2015-02-09 15:00:00,68198.0,0.22912695386961496,69257.0,49318.0,59427.541666666664
2015-02-09 16:00:00,69703.0,0.20195687416610475,68198.0,53045.0,60121.625
2015-02-09 17:00:00,71103.0,0.18679943181019085,69703.0,57915.0,60671.125
2015-02-09 18:00:00,69424.0,0.1819255588845356,71103.0,56828.0,61195.958333333336
2015-02-09 19:00:00,65219.0,0.1789662521657799,69424.0,54665.0,61635.708333333336
2015-02-09 20:00:00,61809.0,0.18249769451050818,65219.0,53423.0,61985.125
2015-02-09 21:00:00,58982.0,0.18544640737852225,61809.0,54043.0,62190.916666666664
2015-02-09 22:00:00,54577.0,0.19323158106894847,58982.0,51381.0,62324.083333333336
2015-02-09 23:00:00,50769.0,0.20096909531406962,54577.0,48545.0,62416.75
2015-02-10 00:00:00,48681.0,0.19779790883506912,50769.0,46620.0,62502.625
2015-02-10 01:00:00,47694.0,0.1988090745167107,48681.0,45892.0,62577.708333333336
2015-02-10 02:00:00,47873.0,0.19292711967079565,47694.0,46311.0,62642.791666666664
2015-02-10 03:00:00,49162.0,0.1755217444367601,47873.0,47544.0,62710.208333333336
2015-02-10 04:00:00,52517.0,0.15225546013671765,49162.0,51090.0,62769.666666666664
2015-02-10 05:00:00,60193.0,0.12715764291528917,52517.0,59627.0,62793.25
2015-02-10 06:00:00,66567.0,0.1147415386002073,60193.0,66517.0,62795.333333333336
2015-02-10 07:00:00,68353.0,0.11126066156569572,66567.0,69206.0,62759.791666666664
2015-02-10 08:00:00,68612.0,0.1239433335276628,68353.0,69923.0,62705.166666666664
2015-02-10 09:00:00,69959.0,0.14206892608527852,68612.0,71300.0,62649.291666666664
2015-02-10 10:00:00,70566.0,0.1538984780205765,69959.0,72006.0,62589.291666666664
2015-02-10 11:00:00,70283.0,0.16571574918543602,70566.0,71613.0,62533.875
2015-02-10 12:00:00,69765.0,0.1589335626746936,70283.0,71101.0,62478.208333333336
2015-02-10 13:00:00,68683.0,0.14596042688874977,69765.0,70211.0,62414.541666666664
2015-02-10 14:00:00,67614.0,0.12340639512526991,68683.0,69257.0,62346.083333333336
2015-02-10 15:00:00,66382.0,0.09044620529661655,67614.0,68198.0,62270.416666666664
2015-02-10 16:00:00,68158.0,0.06426244901552275,66382.0,69703.0,62206.041666666664
2015-02-10 17:00:00,70535.0,0.054653718012334304,68158.0,71103.0,62182.375
2015-02-10 18:00:00,68371.0,0.05024059908440713,70535.0,69424.0,62138.5
2015-02-10 19:00:00,64530.0,0.04884549821788316,68371.0,65219.0,62109.791666666664
2015-02-10 20:00:00,61033.0,0.04995658086608884,64530.0,61809.0,62077.458333333336
2015-02-10 21:00:00,58512.0,0.049784659557013944,61033.0,58982.0,62057.875
2015-02-10 22:00:00,54148.0,0.04779493240747581,58512.0,54577.0,62040.0
2015-02-10 23:00:00,50375.0,0.045200992555831265,54148.0,50769.0,62023.583333333336
2015-02-11 00:00:00,48200.0,0.04253112033195021,50375.0,48681.0,62003.541666666664
2015-02-11 01:00:00,47515.0,0.03912448700410397,48200.0,47694.0,61996.083333333336
2015-02-11 02:00:00,47880.0,0.03373015873015873,47515.0,47873.0,61996.375
2015-02-11 03:00:00,49080.0,0.027424612876935615,47880.0,49162.0,61992.958333333336
2015-02-11 04:00:00,52002.0,0.024191377254720973,49080.0,52517.0,61971.5
2015-02-11 05:00:00,59547.0,0.019614758090248038,52002.0,60193.0,61944.583333333336
2015-02-11 06:00:00,65832.0,0.016192733017377565,59547.0,66567.0,61913.958333333336
2015-02-11 07:00:00,68082.0,0.021297846714256337,65832.0,68353.0,61902.666666666664
2015-02-11 08:00:00,68656.0,0.0348257981822419,68082.0,68612.0,61904.5
2015-02-11 09:00:00,69802.0,0.049755021346093234,68656.0,69959.0,61897.958333333336
2015-02-11 10:00:00,70288.0,0.0631544502617801,69802.0,70566.0,61886.375
2015-02-11 11:00:00,69695.0,0.07350599038668484,70288.0,70283.0,61861.875
2015-02-11 12:00:00,68707.0,0.08022472237181073,69695.0,69765.0,61817.791666666664
2015-02-11 13:00:00,67479.0,0.07549015249188637,68707.0,68683.0,61767.625
2015-02-11 14:00:00,66585.0,0.05812119846812345,67479.0,67614.0,61724.75
2015-02-11 15:00:00,65630.0,0.031967088221849765,66585.0,66382.0,61693.416666666664
