ts_utc,target_load,pred
2020-07-03 00:00:00,40720.0,41676.66492286325
2020-07-03 01:00:00,40955.0,40886.71304748982
2020-07-03 02:00:00,41762.0,41194.8763761881
2020-07-03 03:00:00,44345.0,42216.42335163818
2020-07-03 04:00:00,50155.0,45227.45454009723
2020-07-03 05:00:00,55645.0,50981.502776203735
2020-07-03 06:00:00,58519.0,56221.74393459952
2020-07-03 07:00:00,60413.0,58869.63051927774
2020-07-03 08:00:00,62265.0,60708.0266866763
2020-07-03 09:00:00,63576.0,62498.08875520431
2020-07-03 10:00:00,62469.0,63597.29617000421
2020-07-03 11:00:00,60566.0,62459.78603245096
2020-07-03 12:00:00,59916.0,60525.29975471304
2020-07-03 13:00:00,59136.0,59871.56456835536
2020-07-03 14:00:00,57955.0,59049.92203802323
2020-07-03 15:00:00,57934.0,58083.24165168872
2020-07-03 16:00:00,56355.0,58035.49718152054
2020-07-03 17:00:00,54786.0,56602.20539760745
2020-07-03 18:00:00,52458.0,54956.632006595006
2020-07-03 19:00:00,49837.0,52588.95427011199
2020-07-03 20:00:00,48118.0,50021.266026062345
2020-07-03 21:00:00,44723.0,47945.931565411236
2020-07-03 22:00:00,41913.0,44455.393599159084
2020-07-03 23:00:00,39884.0,41698.687982858115
2020-07-04 00:00:00,39015.0,39731.227152896216
2020-07-04 01:00:00,38758.0,38930.81185192921
2020-07-04 02:00:00,38453.0,38776.55718216659
2020-07-04 03:00:00,38027.0,38775.10552203324
2020-07-04 04:00:00,39802.0,39006.72706832739
2020-07-04 05:00:00,43257.0,41190.65244466
2020-07-04 06:00:00,46603.0,44538.78884906972
2020-07-04 07:00:00,50221.0,47664.85689229899
2020-07-04 08:00:00,52450.0,51047.72399277446
2020-07-04 09:00:00,52492.0,53159.10737233513
2020-07-04 10:00:00,53174.0,53093.35097783654
2020-07-04 11:00:00,51654.0,53489.666959845075
2020-07-04 12:00:00,50267.0,52043.87089542706
2020-07-04 13:00:00,49408.0,50740.38396069165
2020-07-04 14:00:00,48873.0,49890.40837245048
2020-07-04 15:00:00,49221.0,49511.8779377215
2020-07-04 16:00:00,49313.0,49782.57997656455
2020-07-04 17:00:00,49114.0,49794.868770810586
2020-07-04 18:00:00,47242.0,49434.50168310965
2020-07-04 19:00:00,45366.0,47489.54375020026
2020-07-04 20:00:00,44487.0,45626.15574626687
2020-07-04 21:00:00,41938.0,44425.4978922518
2020-07-04 22:00:00,38741.0,41783.414369348815
2020-07-04 23:00:00,36332.0,38641.44696470345
2020-07-05 00:00:00,34907.0,36332.727317681354
2020-07-05 01:00:00,34849.0,35083.01257269711
2020-07-05 02:00:00,34624.0,34996.54662207604
2020-07-05 03:00:00,34624.0,34734.076639887186
2020-07-05 04:00:00,35550.0,34898.39742444161
2020-07-05 05:00:00,37395.0,36032.931872871064
2020-07-05 06:00:00,41231.0,38023.70680110971
2020-07-05 07:00:00,45288.0,41827.48853873103
2020-07-05 08:00:00,48241.0,45684.56014047431
2020-07-05 09:00:00,51190.0,48349.014939184
2020-07-05 10:00:00,51085.0,51092.08179926274
2020-07-05 11:00:00,48103.0,50811.02942631834
2020-07-05 12:00:00,47147.0,48002.441386882434
2020-07-05 13:00:00,47031.0,47089.76649251187
2020-07-05 14:00:00,46355.0,46954.95282378841
2020-07-05 15:00:00,47412.0,46390.06134482951
2020-07-05 16:00:00,48158.0,47412.44486388857
2020-07-05 17:00:00,47955.0,48126.22365500093
2020-07-05 18:00:00,46693.0,47871.129757962895
2020-07-05 19:00:00,44934.0,46602.85203694901
2020-07-05 20:00:00,45504.0,44957.62221077807
2020-07-05 21:00:00,43283.0,45163.843429984125
2020-07-05 22:00:00,40453.0,42770.94701919227
2020-07-05 23:00:00,39510.0,39912.189745567695
2020-07-06 00:00:00,39580.0,38871.02079612919
2020-07-06 01:00:00,39190.0,38904.77088305669
2020-07-06 02:00:00,40126.0,38531.06392875629
2020-07-06 03:00:00,43197.0,39392.13448055873
2020-07-06 04:00:00,51425.0,42284.696225169704
2020-07-06 05:00:00,56762.0,49812.7827890094
2020-07-06 06:00:00,61400.0,54924.647725321876
2020-07-06 07:00:00,64808.0,59469.757963648284
2020-07-06 08:00:00,65900.0,62800.48061613705
2020-07-06 09:00:00,67084.0,64065.855455144105
2020-07-06 10:00:00,66561.0,65064.78980503454
2020-07-06 11:00:00,65513.0,64232.14489127448
2020-07-06 12:00:00,63408.0,63144.22600359416
2020-07-06 13:00:00,63017.0,61249.50633221745
2020-07-06 14:00:00,61172.0,60825.125655838565
2020-07-06 15:00:00,61587.0,59361.49056102853
2020-07-06 16:00:00,59916.0,59879.01443415825
2020-07-06 17:00:00,58840.0,58443.968265132775
2020-07-06 18:00:00,56511.0,57402.07378734042
2020-07-06 19:00:00,53110.0,55152.633218483184
2020-07-06 20:00:00,50520.0,52166.41135816074
2020-07-06 21:00:00,46873.0,49559.63894958946
2020-07-06 22:00:00,44082.0,45969.22334304558
2020-07-06 23:00:00,42625.0,43369.72766849737
2020-07-07 00:00:00,41499.0,42115.894174727895
2020-07-07 01:00:00,41445.0,41120.23533110172
2020-07-07 02:00:00,42454.0,41220.601389473326
2020-07-07 03:00:00,44739.0,42499.128781318635
2020-07-07 04:00:00,51272.0,45463.19065597466
2020-07-07 05:00:00,56348.0,51864.426349534384
2020-07-07 06:00:00,60349.0,56819.16330655762
2020-07-07 07:00:00,62721.0,60704.051176765475
2020-07-07 08:00:00,63686.0,62900.5084636367
2020-07-07 09:00:00,64607.0,63860.87222756492
2020-07-07 10:00:00,64664.0,64590.06550917893
2020-07-07 11:00:00,64697.0,64523.3004155363
2020-07-07 12:00:00,62686.0,64307.8636736571
2020-07-07 13:00:00,61909.0,62468.91370111715
2020-07-07 14:00:00,60343.0,61610.2941696961
2020-07-07 15:00:00,59896.0,60343.964433910194
2020-07-07 16:00:00,59145.0,59857.10405546594
2020-07-07 17:00:00,58141.0,59175.18433977549
2020-07-07 18:00:00,55761.0,58083.32523522223
2020-07-07 19:00:00,53084.0,55612.171343264075
2020-07-07 20:00:00,50671.0,52927.67120995825
2020-07-07 21:00:00,46463.0,50355.23232231939
2020-07-07 22:00:00,43937.0,46272.91985849833
2020-07-07 23:00:00,41930.0,43852.75388016946
2020-07-08 00:00:00,40724.0,41928.8341275962
2020-07-08 01:00:00,40959.0,40843.92328803119
2020-07-08 02:00:00,42114.0,41172.75971355825
2020-07-08 03:00:00,45023.0,42468.843820540744
2020-07-08 04:00:00,52299.0,45798.39034986291
2020-07-08 05:00:00,57885.0,52858.03881055583
2020-07-08 06:00:00,61575.0,58264.6385580246
2020-07-08 07:00:00,63089.0,61777.203103413296
2020-07-08 08:00:00,64149.0,63187.380726726646
2020-07-08 09:00:00,65999.0,64213.23618932614
2020-07-08 10:00:00,65853.0,65860.85217963476
2020-07-08 11:00:00,65036.0,65738.55747031735
2020-07-08 12:00:00,63115.0,64805.993059961664
2020-07-08 13:00:00,61776.0,63023.36112972414
2020-07-08 14:00:00,60358.0,61691.51427179481
2020-07-08 15:00:00,60663.0,60427.67848252202
2020-07-08 16:00:00,59979.0,60673.4238121715
2020-07-08 17:00:00,58340.0,60000.094316269606
2020-07-08 18:00:00,55568.0,58308.83368493895
2020-07-08 19:00:00,53041.0,55550.62089925713
2020-07-08 20:00:00,50574.0,53023.12026550385
2020-07-08 21:00:00,46887.0,50347.108480504605
2020-07-08 22:00:00,44686.0,46765.36329193261
2020-07-08 23:00:00,42825.0,44571.48162372708
2020-07-09 00:00:00,41840.0,42768.84305660694
2020-07-09 01:00:00,42303.0,41906.008285263015
2020-07-09 02:00:00,43123.0,42440.07803666377
2020-07-09 03:00:00,45831.0,43473.755220024774
2020-07-09 04:00:00,52550.0,46665.5486969905
2020-07-09 05:00:00,57996.0,53255.00541794947
2020-07-09 06:00:00,60817.0,58484.1780706377
2020-07-09 07:00:00,62911.0,61122.673827944986
2020-07-09 08:00:00,64464.0,63057.443556246464
2020-07-09 09:00:00,65816.0,64596.01387244916
2020-07-09 10:00:00,65505.0,65751.51335768634
2020-07-09 11:00:00,64575.0,65350.94126179978
2020-07-09 12:00:00,63572.0,64287.25025715825
2020-07-09 13:00:00,61882.0,63234.03175443049
2020-07-09 14:00:00,60361.0,61587.915685038395
2020-07-09 15:00:00,59364.0,60318.33858880629
2020-07-09 16:00:00,59955.0,59447.8641832921
2020-07-09 17:00:00,58509.0,59897.72621809775
2020-07-09 18:00:00,56140.0,58356.56533962114
2020-07-09 19:00:00,54343.0,55979.65455180469
2020-07-09 20:00:00,51936.0,54123.244613028415
2020-07-09 21:00:00,48129.0,51574.446099343186
2020-07-09 22:00:00,44758.0,47927.79914751502
2020-07-09 23:00:00,42788.0,44684.131777274684
2020-07-10 00:00:00,40383.0,42773.825308324616
2020-07-10 01:00:00,41084.0,40638.47452292297
2020-07-10 02:00:00,42886.0,41322.83381469473
2020-07-10 03:00:00,45377.0,43195.33423715429
2020-07-10 04:00:00,51674.0,46131.4247681939
2020-07-10 05:00:00,56606.0,52347.97176720092
2020-07-10 06:00:00,60093.0,57046.70168276305
2020-07-10 07:00:00,61522.0,60322.15384164085
2020-07-10 08:00:00,62731.0,61683.34525535857
2020-07-10 09:00:00,64681.0,62845.814436457375
2020-07-10 10:00:00,63479.0,64497.474014656495
2020-07-10 11:00:00,62395.0,63293.819222142585
2020-07-10 12:00:00,61880.0,62218.53176610772
2020-07-10 13:00:00,59044.0,61563.6199295398
2020-07-10 14:00:00,58851.0,58886.6447027306
2020-07-10 15:00:00,58227.0,58668.72903271026
2020-07-10 16:00:00,57211.0,58256.58232554221
2020-07-10 17:00:00,56239.0,57296.3422825373
2020-07-10 18:00:00,53092.0,56258.851310300495
2020-07-10 19:00:00,50156.0,53296.27313719121
2020-07-10 20:00:00,48382.0,50420.809443016515
2020-07-10 21:00:00,44683.0,48398.43329964446
2020-07-10 22:00:00,41802.0,44694.983407032254
2020-07-10 23:00:00,39751.0,41888.18360436374
2020-07-11 00:00:00,38324.0,39797.93182994716
2020-07-11 01:00:00,37798.0,38609.01220746664
2020-07-11 02:00:00,37633.0,38344.7661384676
2020-07-11 03:00:00,37586.0,38477.31963633011
2020-07-11 04:00:00,39609.0,39141.74198537709
2020-07-11 05:00:00,42422.0,41496.01807990477
2020-07-11 06:00:00,45809.0,44322.18206197769
2020-07-11 07:00:00,49194.0,47435.7910194386
2020-07-11 08:00:00,51045.0,50559.88062042895
2020-07-11 09:00:00,52414.0,52421.65654558631
2020-07-11 10:00:00,51708.0,53510.61655578953
2020-07-11 11:00:00,49845.0,52748.27626104907
2020-07-11 12:00:00,48575.0,51023.376295759226
2020-07-11 13:00:00,47782.0,49611.83868342697
2020-07-11 14:00:00,46728.0,48945.18668649695
2020-07-11 15:00:00,47068.0,48025.00092196934
2020-07-11 16:00:00,47815.0,48341.443004349036
2020-07-11 17:00:00,46632.0,49028.82425837177
2020-07-11 18:00:00,44618.0,47716.17445696949
2020-07-11 19:00:00,43104.0,45630.5127731095
2020-07-11 20:00:00,42244.0,44074.15703594511
2020-07-11 21:00:00,39697.0,42881.46966163869
2020-07-11 22:00:00,37074.0,40269.83883225629
2020-07-11 23:00:00,35289.0,37691.04901679617
2020-07-12 00:00:00,34098.0,35927.63999715809
2020-07-12 01:00:00,33837.0,34809.02380579667
2020-07-12 02:00:00,33918.0,34572.354141305805
2020-07-12 03:00:00,33435.0,34644.79325778883
2020-07-12 04:00:00,34293.0,34408.25889183327
2020-07-12 05:00:00,36402.0,35405.94044848666
2020-07-12 06:00:00,39889.0,37534.00191187906
2020-07-12 07:00:00,43776.0,40909.34230909201
2020-07-12 08:00:00,46212.0,44536.55052181356
2020-07-12 09:00:00,47476.0,46851.076612226876
2020-07-12 10:00:00,47129.0,47880.29204989418
2020-07-12 11:00:00,45604.0,47335.05196440997
2020-07-12 12:00:00,44400.0,45829.826297747626
2020-07-12 13:00:00,42979.0,44691.583628542554
2020-07-12 14:00:00,42491.0,43377.654342195645
2020-07-12 15:00:00,43300.0,43106.21044750671
2020-07-12 16:00:00,44215.0,44058.47081444005
2020-07-12 17:00:00,44091.0,44891.10790129092
2020-07-12 18:00:00,43794.0,44649.005131577396
2020-07-12 19:00:00,42967.0,44233.28360477839
2020-07-12 20:00:00,42927.0,43381.20452797007
2020-07-12 21:00:00,39683.0,43043.51433042179
2020-07-12 22:00:00,37497.0,39834.80730454899
2020-07-12 23:00:00,36139.0,37685.09914319608
2020-07-13 00:00:00,35757.0,36350.33658787453
2020-07-13 01:00:00,36093.0,35990.876440096064
2020-07-13 02:00:00,37277.0,36314.542530530016
2020-07-13 03:00:00,40296.0,37326.45999588899
2020-07-13 04:00:00,48145.0,40095.27186939847
2020-07-13 05:00:00,55135.0,47282.83702754127
2020-07-13 06:00:00,58127.0,53810.6214802145
2020-07-13 07:00:00,59676.0,56794.4523811029
2020-07-13 08:00:00,61925.0,58355.50589867397
2020-07-13 09:00:00,62979.0,60454.92052705648
2020-07-13 10:00:00,62916.0,61317.16075836469
2020-07-13 11:00:00,61964.0,61060.648373725686
2020-07-13 12:00:00,60533.0,60064.45120933536
2020-07-13 13:00:00,59393.0,58648.34692192535
2020-07-13 14:00:00,57248.0,57616.959533287874
2020-07-13 15:00:00,57588.0,55867.52864017485
2020-07-13 16:00:00,57078.0,56368.628887028666
2020-07-13 17:00:00,56970.0,55986.59084584591
2020-07-13 18:00:00,54338.0,55900.2963187202
2020-07-13 19:00:00,52062.0,53457.02572212285
2020-07-13 20:00:00,49953.0,51395.273928633025
2020-07-13 21:00:00,45767.0,49124.59454446801
2020-07-13 22:00:00,43556.0,45100.955763043305
2020-07-13 23:00:00,42203.0,42937.49097848493
2020-07-14 00:00:00,41152.0,41652.34592120614
2020-07-14 01:00:00,41299.0,40731.87089177193
2020-07-14 02:00:00,42210.0,40994.39071012032
2020-07-14 03:00:00,44500.0,42143.23353574223
2020-07-14 04:00:00,51178.0,45041.47365251081
2020-07-14 05:00:00,57001.0,51744.63009647512
2020-07-14 06:00:00,60259.0,57222.19248027799
2020-07-14 07:00:00,61162.0,60228.020422599206
2020-07-14 08:00:00,61793.0,61208.63308237969
2020-07-14 09:00:00,63830.0,61866.5314849876
2020-07-14 10:00:00,63225.0,63676.22909712841
2020-07-14 11:00:00,62569.0,63019.6343246075
2020-07-14 12:00:00,61179.0,62292.80260807015
2020-07-14 13:00:00,60164.0,60960.18020344247
2020-07-14 14:00:00,59583.0,59878.34491881389
2020-07-14 15:00:00,60199.0,59466.148880189896
2020-07-14 16:00:00,60086.0,60020.63892955481
2020-07-14 17:00:00,59240.0,59962.61386518693
2020-07-14 18:00:00,56010.0,58947.08333641816
2020-07-14 19:00:00,53586.0,55807.382251233685
2020-07-14 20:00:00,50553.0,53398.61283238319
2020-07-14 21:00:00,46269.0,50221.447842286274
2020-07-14 22:00:00,44305.0,46146.591746669656
2020-07-14 23:00:00,42531.0,44257.7965102946
2020-07-15 00:00:00,41411.0,42568.47135543541
2020-07-15 01:00:00,42141.0,41588.64771383351
2020-07-15 02:00:00,43310.0,42348.053646962144
2020-07-15 03:00:00,46136.0,43646.50211558764
2020-07-15 04:00:00,52575.0,46896.587065749285
2020-07-15 05:00:00,58398.0,53282.45260415868
2020-07-15 06:00:00,61477.0,58824.80922510355
2020-07-15 07:00:00,62942.0,61642.51909073834
2020-07-15 08:00:00,65092.0,62989.4961010258
2020-07-15 09:00:00,66703.0,65112.16676597392
2020-07-15 10:00:00,65876.0,66454.44384118952
2020-07-15 11:00:00,64002.0,65607.8554926693
2020-07-15 12:00:00,62755.0,63755.7651194849
2020-07-15 13:00:00,61662.0,62529.16063685082
2020-07-15 14:00:00,60908.0,61510.657420876785
2020-07-15 15:00:00,60464.0,60944.82327044476
2020-07-15 16:00:00,60445.0,60582.44080138214
2020-07-15 17:00:00,58424.0,60532.155233540536
2020-07-15 18:00:00,56438.0,58418.77826630144
2020-07-15 19:00:00,54266.0,56394.25390994118
2020-07-15 20:00:00,51464.0,54116.91459076566
2020-07-15 21:00:00,47246.0,51132.97160592069
2020-07-15 22:00:00,44805.0,47133.48725334191
2020-07-15 23:00:00,43193.0,44748.36018639283
2020-07-16 00:00:00,41906.0,43174.85967460624
2020-07-16 01:00:00,42427.0,42096.64226643439
2020-07-16 02:00:00,43417.0,42690.63175050892
2020-07-16 03:00:00,46032.0,43888.68217577599
2020-07-16 04:00:00,52733.0,46928.59801759581
2020-07-16 05:00:00,58321.0,53553.250643464155
2020-07-16 06:00:00,61737.0,58867.452377867114
2020-07-16 07:00:00,63309.0,62050.23742497129
2020-07-16 08:00:00,64528.0,63660.17546706848
2020-07-16 09:00:00,65771.0,64909.379872501486
2020-07-16 10:00:00,64264.0,65912.00411085326
2020-07-16 11:00:00,63811.0,64343.754676938646
2020-07-16 12:00:00,62583.0,63800.09708711235
2020-07-16 13:00:00,62188.0,62592.510920330744
2020-07-16 14:00:00,60771.0,62177.22427012733
2020-07-16 15:00:00,60707.0,60889.90652897179
2020-07-16 16:00:00,59968.0,60874.228120965425
2020-07-16 17:00:00,58339.0,60032.203334868376
2020-07-16 18:00:00,55848.0,58382.51428821695
2020-07-16 19:00:00,53562.0,55925.94240031848
2020-07-16 20:00:00,50522.0,53572.52369361315
2020-07-16 21:00:00,46642.0,50384.82908882963
2020-07-16 22:00:00,43767.0,46638.5184201199
2020-07-16 23:00:00,41846.0,43882.424914802315
2020-07-17 00:00:00,40680.0,42015.49740442076
2020-07-17 01:00:00,40830.0,41028.63305044152
2020-07-17 02:00:00,41741.0,41272.711186846704
2020-07-17 03:00:00,45055.0,42376.93972643337
2020-07-17 04:00:00,50873.0,46063.27891640545
2020-07-17 05:00:00,56238.0,51855.2162975457
2020-07-17 06:00:00,59644.0,56983.219840997015
2020-07-17 07:00:00,60774.0,60126.152211358516
2020-07-17 08:00:00,62497.0,61207.300027316145
2020-07-17 09:00:00,64026.0,62866.46868548987
2020-07-17 10:00:00,63105.0,64060.27296527086
2020-07-17 11:00:00,60596.0,63174.899512901495
2020-07-17 12:00:00,59440.0,60804.52765174947
2020-07-17 13:00:00,58320.0,59756.79103780025
2020-07-17 14:00:00,56904.0,58645.1789866523
2020-07-17 15:00:00,56756.0,57433.76413532054
2020-07-17 16:00:00,56788.0,57297.52776027635
2020-07-17 17:00:00,55482.0,57222.18417001855
2020-07-17 18:00:00,53214.0,55832.72296773441
2020-07-17 19:00:00,50857.0,53571.24388468009
2020-07-17 20:00:00,48125.0,51128.078490618995
2020-07-17 21:00:00,44365.0,48257.76571674393
2020-07-17 22:00:00,41599.0,44576.60230273779
2020-07-17 23:00:00,39541.0,41888.408494964635
2020-07-18 00:00:00,38306.0,39916.32919511137
2020-07-18 01:00:00,38032.0,38827.74961057604
2020-07-18 02:00:00,37989.0,38682.27759402355
2020-07-18 03:00:00,37925.0,39006.92313789207
2020-07-18 04:00:00,39458.0,39557.7168219558
2020-07-18 05:00:00,42489.0,41439.89009486339
2020-07-18 06:00:00,46825.0,44424.398304617906
2020-07-18 07:00:00,50353.0,48331.07810293674
2020-07-18 08:00:00,52218.0,51621.191541158
2020-07-18 09:00:00,52867.0,53448.29047540749
2020-07-18 10:00:00,52545.0,53936.40668653402
2020-07-18 11:00:00,50899.0,53388.57522752888
2020-07-18 12:00:00,49027.0,51814.03026435819
2020-07-18 13:00:00,47932.0,50061.17360010906
2020-07-18 14:00:00,47264.0,49001.14108873366
2020-07-18 15:00:00,47627.0,48488.56546831887
2020-07-18 16:00:00,47566.0,48927.87488643256
2020-07-18 17:00:00,46441.0,48828.9377639087
2020-07-18 18:00:00,44840.0,47641.70091086937
2020-07-18 19:00:00,43638.0,45978.27788278511
2020-07-18 20:00:00,42431.0,44604.88065915457
2020-07-18 21:00:00,39966.0,43106.795086391336
2020-07-18 22:00:00,36839.0,40587.01218447601
2020-07-18 23:00:00,35488.0,37555.96746310029
2020-07-19 00:00:00,34389.0,36206.44561350619
2020-07-19 01:00:00,33948.0,35197.415416379874
2020-07-19 02:00:00,33551.0,34805.97658378259
2020-07-19 03:00:00,33707.0,34441.15494284981
2020-07-19 04:00:00,34528.0,34709.290175422786
2020-07-19 05:00:00,36754.0,35689.605178533
2020-07-19 06:00:00,40041.0,38048.39277177208
2020-07-19 07:00:00,43082.0,41272.78567040838
2020-07-19 08:00:00,45715.0,44122.383963791995
2020-07-19 09:00:00,47655.0,46512.198656507855
2020-07-19 10:00:00,47822.0,48202.83398611455
2020-07-19 11:00:00,46258.0,48167.405684101446
2020-07-19 12:00:00,45486.0,46574.15812491355
2020-07-19 13:00:00,44287.0,45820.56839289592
2020-07-19 14:00:00,43771.0,44739.27473503165
2020-07-19 15:00:00,44209.0,44404.321948029836
2020-07-19 16:00:00,45159.0,44904.06232338546
2020-07-19 17:00:00,45108.0,45706.521620065534
2020-07-19 18:00:00,44667.0,45552.25355309305
2020-07-19 19:00:00,43929.0,45047.14080674616
2020-07-19 20:00:00,43851.0,44253.787455367616
2020-07-19 21:00:00,41972.0,43913.83704289984
2020-07-19 22:00:00,38509.0,41880.92008856455
2020-07-19 23:00:00,37752.0,38628.76266473005
2020-07-20 00:00:00,36916.0,37828.923154284625
2020-07-20 01:00:00,37505.0,37038.691713980596
2020-07-20 02:00:00,38891.0,37526.744822241344
2020-07-20 03:00:00,42114.0,38770.56622928787
2020-07-20 04:00:00,49183.0,41706.80154096729
2020-07-20 05:00:00,54627.0,48215.01277831409
2020-07-20 06:00:00,58924.0,53360.57014468974
2020-07-20 07:00:00,61200.0,57444.614192848974
2020-07-20 08:00:00,62856.0,59685.29817781846
2020-07-20 09:00:00,63973.0,61317.854839455984
2020-07-20 10:00:00,64125.0,62290.273600214445
2020-07-20 11:00:00,63313.0,62214.65962471801
2020-07-20 12:00:00,60898.0,61357.68236086038
2020-07-20 13:00:00,59809.0,59037.05450137723
2020-07-20 14:00:00,58553.0,58030.50265470607
2020-07-20 15:00:00,57727.0,57021.950082873336
2020-07-20 16:00:00,56793.0,56475.33036435196
2020-07-20 17:00:00,55990.0,55719.84343460311
2020-07-20 18:00:00,53806.0,55010.90129874852
2020-07-20 19:00:00,51714.0,52988.50312247784
2020-07-20 20:00:00,49588.0,51089.925167182926
2020-07-20 21:00:00,45457.0,48964.05211993623
2020-07-20 22:00:00,42328.0,44870.1034059959
2020-07-20 23:00:00,40720.0,41981.175804814295
2020-07-21 00:00:00,39865.0,40447.77353212141
2020-07-21 01:00:00,40040.0,39742.48860495528
2020-07-21 02:00:00,41188.0,40048.22319678489
2020-07-21 03:00:00,43534.0,41423.92085827944
2020-07-21 04:00:00,50011.0,44284.00145293824
2020-07-21 05:00:00,55471.0,50647.57696875106
2020-07-21 06:00:00,59109.0,55933.78843586948
2020-07-21 07:00:00,59955.0,59337.04117649431
2020-07-21 08:00:00,61821.0,60208.041494862846
2020-07-21 09:00:00,63088.0,61962.75978897124
2020-07-21 10:00:00,62505.0,63081.294155156014
2020-07-21 11:00:00,62368.0,62456.292452034926
2020-07-21 12:00:00,60852.0,62064.93958099887
2020-07-21 13:00:00,59151.0,60597.915392513976
2020-07-21 14:00:00,58174.0,58974.9956622623
2020-07-21 15:00:00,58021.0,58091.121637781995
2020-07-21 16:00:00,57622.0,57947.07958632192
2020-07-21 17:00:00,57334.0,57598.86233085429
2020-07-21 18:00:00,54872.0,57165.34819306156
2020-07-21 19:00:00,52561.0,54741.50371668867
2020-07-21 20:00:00,49802.0,52419.494267852846
2020-07-21 21:00:00,45910.0,49475.421775329356
2020-07-21 22:00:00,43519.0,45647.76522470581
2020-07-21 23:00:00,41865.0,43341.77915378089
2020-07-22 00:00:00,40703.0,41772.06458481845
2020-07-22 01:00:00,40830.0,40757.14281269334
2020-07-22 02:00:00,42023.0,41011.38971778358
2020-07-22 03:00:00,44410.0,42349.099215767346
2020-07-22 04:00:00,50970.0,45191.07194310337
2020-07-22 05:00:00,56354.0,51622.72805935094
2020-07-22 06:00:00,59907.0,56760.456781186105
2020-07-22 07:00:00,61544.0,59937.94577528165
2020-07-22 08:00:00,63252.0,61542.747513967675
2020-07-22 09:00:00,64641.0,63179.03071758743
2020-07-22 10:00:00,64091.0,64334.92882645192
2020-07-22 11:00:00,62606.0,63805.00121462745
2020-07-22 12:00:00,61230.0,62309.936076401274
2020-07-22 13:00:00,59800.0,60922.19105912541
2020-07-22 14:00:00,58650.0,59593.00822306425
2020-07-22 15:00:00,58483.0,58637.37274241869
2020-07-22 16:00:00,58233.0,58534.43571116134
2020-07-22 17:00:00,57789.0,58356.87266056186
2020-07-22 18:00:00,56113.0,57736.82895838085
2020-07-22 19:00:00,53857.0,55994.13634083271
2020-07-22 20:00:00,51399.0,53661.56910990047
2020-07-22 21:00:00,47442.0,51026.29158362128
2020-07-22 22:00:00,43988.0,47219.4754184094
2020-07-22 23:00:00,42381.0,43947.67758258651
2020-07-23 00:00:00,41435.0,42386.081923321166
2020-07-23 01:00:00,41313.0,41551.05391823638
2020-07-23 02:00:00,42305.0,41571.17530161053
2020-07-23 03:00:00,45390.0,42722.583002539184
2020-07-23 04:00:00,51476.0,46181.588858725765
2020-07-23 05:00:00,56961.0,52166.901876831645
2020-07-23 06:00:00,59328.0,57380.037166055845
2020-07-23 07:00:00,61383.0,59576.12985876517
2020-07-23 08:00:00,62773.0,61513.98193401533
2020-07-23 09:00:00,64697.0,62856.006717117714
2020-07-23 10:00:00,64194.0,64491.28648291338
2020-07-23 11:00:00,62829.0,63866.22193167877
2020-07-23 12:00:00,61375.0,62501.03523126464
2020-07-23 13:00:00,60266.0,61088.47306906206
2020-07-23 14:00:00,59278.0,60034.429047066435
2020-07-23 15:00:00,59301.0,59210.032296200014
2020-07-23 16:00:00,58076.0,59296.60311443929
2020-07-23 17:00:00,57774.0,58240.51379088544
2020-07-23 18:00:00,54702.0,57843.10303273486
2020-07-23 19:00:00,52793.0,54856.13578015728
2020-07-23 20:00:00,50344.0,52865.410205547785
2020-07-23 21:00:00,46862.0,50219.406942736445
2020-07-23 22:00:00,42805.0,46697.403288083435
2020-07-23 23:00:00,41299.0,42843.56941974797
2020-07-24 00:00:00,40488.0,41346.75341768855
2020-07-24 01:00:00,40478.0,40577.175121467204
2020-07-24 02:00:00,41483.0,40680.01527348565
2020-07-24 03:00:00,43618.0,41913.345123222694
2020-07-24 04:00:00,50041.0,44501.7520826857
2020-07-24 05:00:00,54533.0,50849.25822884112
2020-07-24 06:00:00,57865.0,55118.78233779891
2020-07-24 07:00:00,59508.0,58274.900260591196
2020-07-24 08:00:00,61626.0,59827.44509059882
2020-07-24 09:00:00,63037.0,61867.035438551706
2020-07-24 10:00:00,62732.0,63021.295878087156
2020-07-24 11:00:00,61506.0,62555.65875900003
2020-07-24 12:00:00,59401.0,61266.69943441186
2020-07-24 13:00:00,58217.0,59253.84312843041
2020-07-24 14:00:00,58037.0,58139.53744391156
2020-07-24 15:00:00,57597.0,58072.70874023431
2020-07-24 16:00:00,56831.0,57646.75870611264
2020-07-24 17:00:00,55074.0,57033.632267344816
2020-07-24 18:00:00,51730.0,55218.153128169135
2020-07-24 19:00:00,49564.0,52061.38491074698
2020-07-24 20:00:00,47013.0,49859.75674560995
2020-07-24 21:00:00,43785.0,47197.12329969637
2020-07-24 22:00:00,41191.0,43875.960501849695
2020-07-24 23:00:00,38962.0,41401.72806702228
2020-07-25 00:00:00,38467.0,39329.81489864343
2020-07-25 01:00:00,37446.0,38899.99097156084
2020-07-25 02:00:00,37788.0,38103.3465604815
2020-07-25 03:00:00,37895.0,38638.68220055629
2020-07-25 04:00:00,39508.0,39408.131051928125
2020-07-25 05:00:00,42594.0,41294.066351276735
2020-07-25 06:00:00,45914.0,44342.49055482209
2020-07-25 07:00:00,48457.0,47384.82626757442
2020-07-25 08:00:00,50640.0,49788.89773978084
2020-07-25 09:00:00,52548.0,51866.1498622649
2020-07-25 10:00:00,52877.0,53546.07646639387
2020-07-25 11:00:00,51569.0,53714.13381159442
2020-07-25 12:00:00,50566.0,52344.565258020884
2020-07-25 13:00:00,49076.0,51351.54707087928
2020-07-25 14:00:00,48655.0,50053.81028626967
2020-07-25 15:00:00,47840.0,49725.15089311143
2020-07-25 16:00:00,47750.0,49027.58765846286
2020-07-25 17:00:00,47077.0,48855.307472634784
2020-07-25 18:00:00,45213.0,47945.847362465625
2020-07-25 19:00:00,44013.0,46042.63714695477
2020-07-25 20:00:00,42982.0,44652.841512301
2020-07-25 21:00:00,40608.0,43328.49392611882
2020-07-25 22:00:00,37937.0,40856.547372809015
2020-07-25 23:00:00,36268.0,38184.79717184373
2020-07-26 00:00:00,34507.0,36571.06053485975
2020-07-26 01:00:00,34176.0,34852.84895667165
2020-07-26 02:00:00,34212.0,34595.65692359766
2020-07-26 03:00:00,34294.0,34610.55263089749
2020-07-26 04:00:00,35397.0,34854.18594715434
2020-07-26 05:00:00,37649.0,36190.98049304959
2020-07-26 06:00:00,40331.0,38599.36431541807
2020-07-26 07:00:00,43663.0,41247.635783523554
2020-07-26 08:00:00,47209.0,44392.22071431152
2020-07-26 09:00:00,48371.0,47682.91225077698
2020-07-26 10:00:00,48997.0,48678.014310307786
2020-07-26 11:00:00,46888.0,49030.62222111079
2020-07-26 12:00:00,44919.0,47025.12069191001
2020-07-26 13:00:00,43625.0,45130.85218012281
2020-07-26 14:00:00,44522.0,44031.803351028444
2020-07-26 15:00:00,45641.0,44875.68465465029
2020-07-26 16:00:00,47035.0,46014.98275644698
2020-07-26 17:00:00,45872.0,47334.0186155621
2020-07-26 18:00:00,45075.0,46216.752567165015
2020-07-26 19:00:00,44042.0,45430.98589956891
2020-07-26 20:00:00,43567.0,44399.85616507954
2020-07-26 21:00:00,40608.0,43709.95281492516
2020-07-26 22:00:00,38558.0,40775.669687112204
2020-07-26 23:00:00,37458.0,38766.51868236023
2020-07-27 00:00:00,36840.0,37581.65396354583
2020-07-27 01:00:00,37045.0,36983.087775166314
2020-07-27 02:00:00,38104.0,37151.62601044629
2020-07-27 03:00:00,41596.0,38083.37780824986
2020-07-27 04:00:00,47825.0,41297.01969601201
2020-07-27 05:00:00,53959.0,47059.450979816706
2020-07-27 06:00:00,57698.0,52769.94154719612
2020-07-27 07:00:00,59297.0,56401.75888981443
2020-07-27 08:00:00,60719.0,58146.18675347455
2020-07-27 09:00:00,62107.0,59484.75607098535
2020-07-27 10:00:00,62759.0,60764.68921526634
2020-07-27 11:00:00,61863.0,61096.93202262746
2020-07-27 12:00:00,60663.0,60064.905357702875
2020-07-27 13:00:00,59242.0,58854.04123532878
2020-07-27 14:00:00,57872.0,57690.065191330155
2020-07-27 15:00:00,58360.0,56626.941512181256
2020-07-27 16:00:00,57956.0,57273.677478165395
2020-07-27 17:00:00,57025.0,56809.4914490882
2020-07-27 18:00:00,54710.0,55866.02978717579
2020-07-27 19:00:00,53520.0,53620.68222720888
2020-07-27 20:00:00,51397.0,52447.2002395627
2020-07-27 21:00:00,47117.0,50148.98057660176
2020-07-27 22:00:00,43681.0,46022.31632339645
2020-07-27 23:00:00,41892.0,42785.72048010689
2020-07-28 00:00:00,40866.0,41076.90401992565
2020-07-28 01:00:00,41246.0,40170.588006399055
2020-07-28 02:00:00,42170.0,40628.162971099024
2020-07-28 03:00:00,44994.0,41873.35447131527
2020-07-28 04:00:00,50966.0,45128.41396397631
2020-07-28 05:00:00,56324.0,51179.19140181968
2020-07-28 06:00:00,59556.0,56342.85395600973
2020-07-28 07:00:00,61725.0,59309.30139560979
2020-07-28 08:00:00,64010.0,61320.11305056775
2020-07-28 09:00:00,65108.0,63459.34343187584
2020-07-28 10:00:00,65007.0,64469.43203318104
2020-07-28 11:00:00,63800.0,64258.58406834872
2020-07-28 12:00:00,61569.0,63038.788202933596
2020-07-28 13:00:00,60974.0,60933.01758998207
2020-07-28 14:00:00,60148.0,60312.25686286923
2020-07-28 15:00:00,59272.0,59695.35993338418
2020-07-28 16:00:00,58502.0,58959.15686993683
2020-07-28 17:00:00,56783.0,58245.06319549595
2020-07-28 18:00:00,54548.0,56523.77640745289
2020-07-28 19:00:00,52677.0,54417.94649979507
2020-07-28 20:00:00,49949.0,52506.13399430466
2020-07-28 21:00:00,46372.0,49577.85031713463
2020-07-28 22:00:00,43243.0,45986.27495543432
2020-07-28 23:00:00,41447.0,42994.0890829531
2020-07-29 00:00:00,40381.0,41280.56360247911
2020-07-29 01:00:00,40218.0,40357.86471309224
2020-07-29 02:00:00,41237.0,40313.144443913916
2020-07-29 03:00:00,43850.0,41545.652109637624
2020-07-29 04:00:00,50093.0,44552.024935524285
2020-07-29 05:00:00,55553.0,50697.76331723321
2020-07-29 06:00:00,58884.0,55849.20504353496
2020-07-29 07:00:00,60848.0,58925.14228214978
2020-07-29 08:00:00,63169.0,60839.756207406186
2020-07-29 09:00:00,63783.0,63007.38440319423
2020-07-29 10:00:00,62628.0,63508.32869009185
2020-07-29 11:00:00,61529.0,62317.464987272855
2020-07-29 12:00:00,60292.0,61093.37099451999
2020-07-29 13:00:00,58811.0,59955.98146243012
2020-07-29 14:00:00,57469.0,58609.530639847784
2020-07-29 15:00:00,57569.0,57425.761792203455
2020-07-29 16:00:00,57123.0,57559.89052394283
2020-07-29 17:00:00,56182.0,57104.16484772038
2020-07-29 18:00:00,54090.0,56105.54339987917
2020-07-29 19:00:00,51973.0,54054.250950310925
2020-07-29 20:00:00,49273.0,51859.04911624726
2020-07-29 21:00:00,45322.0,49041.01884338245
2020-07-29 22:00:00,42321.0,45148.59240664832
2020-07-29 23:00:00,40669.0,42268.06057102134
2020-07-30 00:00:00,39777.0,40676.58950958391
2020-07-30 01:00:00,39686.0,39865.75209140269
2020-07-30 02:00:00,40565.0,39906.76049846777
2020-07-30 03:00:00,43133.0,40984.63999552528
2020-07-30 04:00:00,48969.0,43982.41928234681
2020-07-30 05:00:00,54045.0,49779.15081036324
2020-07-30 06:00:00,57858.0,54605.26362863367
2020-07-30 07:00:00,59185.0,58127.69075244115
2020-07-30 08:00:00,60859.0,59504.223099623174
2020-07-30 09:00:00,62369.0,61033.04586510244
2020-07-30 10:00:00,61533.0,62228.62800911116
2020-07-30 11:00:00,60729.0,61346.061905394505
2020-07-30 12:00:00,59617.0,60507.1972681864
2020-07-30 13:00:00,58281.0,59389.97481357016
2020-07-30 14:00:00,57390.0,58114.41592324082
2020-07-30 15:00:00,57510.0,57432.21951702814
2020-07-30 16:00:00,56654.0,57616.532737805646
2020-07-30 17:00:00,55760.0,56857.49582598028
2020-07-30 18:00:00,53981.0,55885.712776407716
2020-07-30 19:00:00,52402.0,54062.2283225076
2020-07-30 20:00:00,49889.0,52341.566056897456
2020-07-30 21:00:00,45965.0,49643.845258343696
2020-07-30 22:00:00,42866.0,45793.90958143131
2020-07-30 23:00:00,41459.0,42833.903042762875
2020-07-31 00:00:00,40792.0,41477.21969218701
2020-07-31 01:00:00,40793.0,40870.12941790079
2020-07-31 02:00:00,41777.0,40967.62156830374
2020-07-31 03:00:00,44048.0,42136.42522266458
2020-07-31 04:00:00,49069.0,44796.71338840672
2020-07-31 05:00:00,54661.0,49797.4113356718
2020-07-31 06:00:00,58091.0,55128.66645127417
2020-07-31 07:00:00,59859.0,58242.42771620527
2020-07-31 08:00:00,61043.0,59922.728221232
2020-07-31 09:00:00,62216.0,61094.83272329985
2020-07-31 10:00:00,61757.0,62021.02855225737
2020-07-31 11:00:00,60385.0,61507.31925578947
2020-07-31 12:00:00,59236.0,60165.84022100039
2020-07-31 13:00:00,58233.0,59026.01460997319
2020-07-31 14:00:00,56997.0,58093.6689457477
2020-07-31 15:00:00,56457.0,57095.662433782236
2020-07-31 16:00:00,55853.0,56632.96008878898
2020-07-31 17:00:00,54844.0,56088.449376151955
2020-07-31 18:00:00,52080.0,55023.09892851939
2020-07-31 19:00:00,50045.0,52332.10199022188
2020-07-31 20:00:00,48167.0,50154.252655612916
2020-07-31 21:00:00,45771.0,47963.06772716004
2020-07-31 22:00:00,41698.0,45390.00039354481
2020-07-31 23:00:00,39877.0,41556.72444719559
2020-08-01 00:00:00,38943.0,39839.688722227096
2020-08-01 01:00:00,38305.0,39002.70019039564
2020-08-01 02:00:00,37995.0,38554.427176051315
2020-08-01 03:00:00,38355.0,38561.41395805754
2020-08-01 04:00:00,39717.0,39472.85151455491
2020-08-01 05:00:00,42236.0,41304.36031206668
2020-08-01 06:00:00,45798.0,43915.753547024564
2020-08-01 07:00:00,48456.0,47252.42701700892
2020-08-01 08:00:00,50400.0,49716.146855760824
2020-08-01 09:00:00,51985.0,51548.96607281527
2020-08-01 10:00:00,51662.0,52895.21483198435
2020-08-01 11:00:00,50285.0,52446.39594992769
2020-08-01 12:00:00,48845.0,51111.74128345748
2020-08-01 13:00:00,47927.0,49786.05875655873
2020-08-01 14:00:00,47165.0,48917.50202269602
2020-08-01 15:00:00,47313.0,48268.70297608267
2020-08-01 16:00:00,47866.0,48446.80016959469
2020-08-01 17:00:00,46527.0,48919.55389327601
2020-08-01 18:00:00,44667.0,47476.324292260586
2020-08-01 19:00:00,44496.0,45599.52173261634
2020-08-01 20:00:00,43223.0,45245.48946809564
2020-08-01 21:00:00,40675.0,43848.358682185484
2020-08-01 22:00:00,38505.0,41130.13040407517
2020-08-01 23:00:00,36714.0,38994.95149344859
2020-08-02 00:00:00,35504.0,37306.669435862554
2020-08-02 01:00:00,34628.0,36170.514041323
2020-08-02 02:00:00,34433.0,35356.645157743
2020-08-02 03:00:00,34717.0,35231.708318490586
2020-08-02 04:00:00,34680.0,35622.80456702115
2020-08-02 05:00:00,36810.0,35819.18889760574
2020-08-02 06:00:00,39683.0,38073.4198231514
2020-08-02 07:00:00,42707.0,40886.65310423945
2020-08-02 08:00:00,45493.0,43773.31049431165
2020-08-02 09:00:00,46958.0,46423.796563811215
2020-08-02 10:00:00,46578.0,47678.161827938726
2020-08-02 11:00:00,44901.0,47144.17206079595
2020-08-02 12:00:00,44296.0,45480.52889444319
2020-08-02 13:00:00,43807.0,44861.79525076481
2020-08-02 14:00:00,43604.0,44366.04921013744
2020-08-02 15:00:00,44567.0,44248.11314403002
2020-08-02 16:00:00,45389.0,45237.24921190648
2020-08-02 17:00:00,44991.0,45901.249028755934
2020-08-02 18:00:00,43814.0,45413.199861102796
2020-08-02 19:00:00,43569.0,44372.624839252356
2020-08-02 20:00:00,42867.0,44019.922906370026
2020-08-02 21:00:00,40111.0,43098.6572953338
2020-08-02 22:00:00,37704.0,40385.22356506509
2020-08-02 23:00:00,36426.0,38037.98270250548
2020-08-03 00:00:00,35700.0,36754.33977089226
2020-08-03 01:00:00,35994.0,36012.35516031557
2020-08-03 02:00:00,37181.0,36264.66710144636
2020-08-03 03:00:00,40312.0,37368.46554486833
2020-08-03 04:00:00,46470.0,40169.15844505996
2020-08-03 05:00:00,51635.0,45893.936911159406
2020-08-03 06:00:00,54826.0,50781.19387673844
2020-08-03 07:00:00,56699.0,53902.8103758792
2020-08-03 08:00:00,58715.0,55813.1569243917
2020-08-03 09:00:00,60674.0,57732.171194305585
2020-08-03 10:00:00,60880.0,59400.84648022575
2020-08-03 11:00:00,59563.0,59373.1034003949
2020-08-03 12:00:00,58066.0,58122.71905095033
2020-08-03 13:00:00,57008.0,56737.554969141565
2020-08-03 14:00:00,55513.0,55786.263351711415
2020-08-03 15:00:00,55580.0,54587.79648292703
2020-08-03 16:00:00,54853.0,54772.30051093308
2020-08-03 17:00:00,54098.0,54115.96657990798
2020-08-03 18:00:00,52725.0,53341.04262773177
2020-08-03 19:00:00,50950.0,52076.433025528524
2020-08-03 20:00:00,47930.0,50389.3440987751
2020-08-03 21:00:00,44126.0,47368.01572033952
2020-08-03 22:00:00,41410.0,43687.13552038802
2020-08-03 23:00:00,39788.0,41093.71299424858
2020-08-04 00:00:00,38993.0,39548.952701428134
2020-08-04 01:00:00,38952.0,38870.71917281272
2020-08-04 02:00:00,39932.0,38969.39855829267
2020-08-04 03:00:00,42886.0,40197.22776016661
2020-08-04 04:00:00,48271.0,43517.077074198416
2020-08-04 05:00:00,52984.0,48884.47629702897
2020-08-04 06:00:00,56594.0,53413.313650337535
2020-08-04 07:00:00,58081.0,56788.28553134301
2020-08-04 08:00:00,60175.0,58285.20351599789
2020-08-04 09:00:00,61201.0,60333.75098365635
2020-08-04 10:00:00,61388.0,61254.708290037204
2020-08-04 11:00:00,59900.0,61268.982845988336
2020-08-04 12:00:00,58537.0,59776.985136409494
2020-08-04 13:00:00,56690.0,58455.415112081995
2020-08-04 14:00:00,55313.0,56665.42837070196
2020-08-04 15:00:00,55234.0,55493.31701507238
2020-08-04 16:00:00,55059.0,55416.36390514387
2020-08-04 17:00:00,54302.0,55254.50508830385
2020-08-04 18:00:00,52120.0,54475.654582641626
2020-08-04 19:00:00,50457.0,52330.86764945001
2020-08-04 20:00:00,46879.0,50493.40148280743
2020-08-04 21:00:00,43249.0,46829.204829614435
2020-08-04 22:00:00,41111.0,43229.94501724422
2020-08-04 23:00:00,39979.0,41081.78209915305
2020-08-05 00:00:00,39063.0,39934.456413511965
2020-08-05 01:00:00,39305.0,39076.13884415713
2020-08-05 02:00:00,40643.0,39379.23665355558
2020-08-05 03:00:00,43449.0,40892.38475936754
2020-08-05 04:00:00,48320.0,43983.522687555465
2020-08-05 05:00:00,53065.0,48835.58085208343
2020-08-05 06:00:00,56768.0,53436.437800833635
2020-08-05 07:00:00,58282.0,56824.464051542374
2020-08-05 08:00:00,59973.0,58300.770582147576
2020-08-05 09:00:00,61945.0,59865.7685717989
2020-08-05 10:00:00,62007.0,61648.13380994264
2020-08-05 11:00:00,60234.0,61547.86599787164
2020-08-05 12:00:00,59305.0,59837.957313861705
2020-08-05 13:00:00,57695.0,58843.033800065394
2020-08-05 14:00:00,56450.0,57323.27940367221
2020-08-05 15:00:00,56119.0,56314.18403876877
2020-08-05 16:00:00,55160.0,56148.56636695268
2020-08-05 17:00:00,54730.0,55335.23197141909
2020-08-05 18:00:00,53148.0,54769.372486569366
2020-08-05 19:00:00,51207.0,53160.078277923516
2020-08-05 20:00:00,48643.0,50993.94375975717
2020-08-05 21:00:00,44340.0,48252.56353468286
2020-08-05 22:00:00,41740.0,44110.59160356559
2020-08-05 23:00:00,40328.0,41605.21179336243
2020-08-06 00:00:00,38804.0,40194.495703702094
2020-08-06 01:00:00,39064.0,38862.82952693597
2020-08-06 02:00:00,39373.0,39263.44638433863
2020-08-06 03:00:00,42488.0,39889.20354241242
2020-08-06 04:00:00,48037.0,43248.473121618736
2020-08-06 05:00:00,53269.0,48714.59742835213
2020-08-06 06:00:00,56939.0,53757.185247818095
2020-08-06 07:00:00,58923.0,57131.94489434518
2020-08-06 08:00:00,60679.0,59008.92104397576
2020-08-06 09:00:00,62375.0,60744.03507947118
2020-08-06 10:00:00,62205.0,62239.07097631501
2020-08-06 11:00:00,61387.0,61883.0016859271
2020-08-06 12:00:00,60136.0,61061.28533312877
2020-08-06 13:00:00,59158.0,59806.73801403663
2020-08-06 14:00:00,57878.0,58864.142450152496
2020-08-06 15:00:00,57888.0,57785.11647881573
2020-08-06 16:00:00,57128.0,57801.89296916227
2020-08-06 17:00:00,55894.0,57161.108788327154
2020-08-06 18:00:00,53926.0,55908.99313754666
2020-08-06 19:00:00,52712.0,53909.32061730871
2020-08-06 20:00:00,49982.0,52507.63491419508
2020-08-06 21:00:00,45624.0,49565.82038386713
2020-08-06 22:00:00,42615.0,45366.55122322884
2020-08-06 23:00:00,40705.0,42516.50701353703
2020-08-07 00:00:00,40152.0,40657.888912459945
2020-08-07 01:00:00,39858.0,40212.96276044198
2020-08-07 02:00:00,40554.0,40002.00437731097
2020-08-07 03:00:00,43416.0,40983.80600376869
2020-08-07 04:00:00,48160.0,44146.63302955175
2020-08-07 05:00:00,53574.0,48911.05825333764
2020-08-07 06:00:00,58377.0,54078.39477768613
2020-08-07 07:00:00,60287.0,58504.300595644185
2020-08-07 08:00:00,61603.0,60319.93354413217
2020-08-07 09:00:00,62681.0,61618.71279391308
2020-08-07 10:00:00,62285.0,62527.129670376184
2020-08-07 11:00:00,60768.0,62067.755870898814
2020-08-07 12:00:00,59094.0,60579.39448741307
2020-08-07 13:00:00,58058.0,59015.25360825812
2020-08-07 14:00:00,56821.0,58011.03841907244
2020-08-07 15:00:00,56701.0,57001.95522546554
2020-08-07 16:00:00,56016.0,56923.11213508632
2020-08-07 17:00:00,54153.0,56267.71722665313
2020-08-07 18:00:00,51915.0,54414.77622704493
2020-08-07 19:00:00,50514.0,52256.26993716752
2020-08-07 20:00:00,47771.0,50677.02710711367
2020-08-07 21:00:00,44388.0,47727.796041352725
2020-08-07 22:00:00,41927.0,44367.33087902284
2020-08-07 23:00:00,40073.0,41961.19047570951
2020-08-08 00:00:00,38602.0,40264.61703187103
2020-08-08 01:00:00,37986.0,38939.11276002357
2020-08-08 02:00:00,37988.0,38490.01254346274
2020-08-08 03:00:00,38329.0,38826.92988024935
2020-08-08 04:00:00,39693.0,39649.36898217369
2020-08-08 05:00:00,43308.0,41402.84240740893
2020-08-08 06:00:00,47106.0,45070.99601934481
2020-08-08 07:00:00,49655.0,48577.33896449984
2020-08-08 08:00:00,51447.0,50920.43842707189
2020-08-08 09:00:00,52609.0,52591.36114485128
2020-08-08 10:00:00,52605.0,53562.53697549554
2020-08-08 11:00:00,50993.0,53387.303089546294
2020-08-08 12:00:00,50051.0,51784.37924368624
2020-08-08 13:00:00,49189.0,50887.56023699067
2020-08-08 14:00:00,48837.0,50070.09779531021
2020-08-08 15:00:00,49548.0,49864.88189220241
2020-08-08 16:00:00,49481.0,50549.77298957603
2020-08-08 17:00:00,48706.0,50378.099084753456
2020-08-08 18:00:00,46904.0,49465.53076259897
2020-08-08 19:00:00,45693.0,47675.58359494519
2020-08-08 20:00:00,44489.0,46269.54759664049
2020-08-08 21:00:00,41497.0,44808.57700693265
2020-08-08 22:00:00,39549.0,41865.721093081804
2020-08-08 23:00:00,37393.0,39926.1030284255
2020-08-09 00:00:00,36044.0,37848.763090502856
2020-08-09 01:00:00,35610.0,36579.86859864137
2020-08-09 02:00:00,35589.0,36198.02793368927
2020-08-09 03:00:00,35960.0,36219.760358391104
2020-08-09 04:00:00,36085.0,36682.22791804228
2020-08-09 05:00:00,38429.0,37125.50058981445
2020-08-09 06:00:00,41904.0,39557.26322238904
2020-08-09 07:00:00,44521.0,42861.42852956873
2020-08-09 08:00:00,46362.0,45320.11258230285
2020-08-09 09:00:00,47620.0,47037.70120150019
2020-08-09 10:00:00,47983.0,48119.777081347886
2020-08-09 11:00:00,47300.0,48252.49894527346
2020-08-09 12:00:00,45811.0,47533.037798839105
2020-08-09 13:00:00,45832.0,46159.14382819767
2020-08-09 14:00:00,45365.0,46212.05225155936
2020-08-09 15:00:00,46855.0,45989.30934635754
2020-08-09 16:00:00,47219.0,47425.72612117868
2020-08-09 17:00:00,47005.0,47734.27759728155
2020-08-09 18:00:00,46164.0,47370.68957236311
2020-08-09 19:00:00,46651.0,46478.319610416096
2020-08-09 20:00:00,44721.0,46781.91251764863
2020-08-09 21:00:00,42245.0,44726.94285761126
2020-08-09 22:00:00,39873.0,42302.1522704889
2020-08-09 23:00:00,37712.0,39934.83746544324
2020-08-10 00:00:00,37599.0,37852.49037520063
2020-08-10 01:00:00,38290.0,37714.29218794991
2020-08-10 02:00:00,39343.0,38335.78287219191
2020-08-10 03:00:00,42731.0,39317.97782665459
2020-08-10 04:00:00,49536.0,42357.48015624397
2020-08-10 05:00:00,55982.0,48661.64146582904
2020-08-10 06:00:00,60569.0,54749.66571426352
2020-08-10 07:00:00,62427.0,59063.06727318646
2020-08-10 08:00:00,64022.0,60851.60781032089
2020-08-10 09:00:00,65089.0,62358.61534121079
2020-08-10 10:00:00,64287.0,63301.8107657338
2020-08-10 11:00:00,63397.0,62467.47097615474
2020-08-10 12:00:00,62535.0,61487.06430874992
2020-08-10 13:00:00,61953.0,60718.546463552826
2020-08-10 14:00:00,60720.0,60166.13082258565
2020-08-10 15:00:00,60981.0,59271.364246095174
2020-08-10 16:00:00,60373.0,59605.47689302629
2020-08-10 17:00:00,58900.0,59098.181445572984
2020-08-10 18:00:00,56284.0,57682.59806625107
2020-08-10 19:00:00,55422.0,55347.85702376023
2020-08-10 20:00:00,52250.0,54328.347403541375
2020-08-10 21:00:00,48413.0,51183.837496921304
2020-08-10 22:00:00,45548.0,47487.29530969143
2020-08-10 23:00:00,43833.0,44683.71025344269
2020-08-11 00:00:00,43331.0,43113.5305104477
2020-08-11 01:00:00,43314.0,42733.79917502529
2020-08-11 02:00:00,44172.0,42842.29443416571
2020-08-11 03:00:00,47102.0,44000.21997241939
2020-08-11 04:00:00,52627.0,47378.92555367041
2020-08-11 05:00:00,57922.0,53028.02559880957
2020-08-11 06:00:00,61637.0,58248.48109413384
2020-08-11 07:00:00,63173.0,61700.99847262636
2020-08-11 08:00:00,65230.0,63168.77688774121
2020-08-11 09:00:00,66576.0,65053.36065140655
2020-08-11 10:00:00,66539.0,66106.33604205579
2020-08-11 11:00:00,66107.0,65942.00320423505
2020-08-11 12:00:00,65399.0,65477.02856522604
2020-08-11 13:00:00,63866.0,64824.823211403156
2020-08-11 14:00:00,62248.0,63370.85708152759
2020-08-11 15:00:00,61830.0,62015.88625691195
2020-08-11 16:00:00,60726.0,61628.16125921237
2020-08-11 17:00:00,59213.0,60517.41379920113
2020-08-11 18:00:00,57187.0,58871.29584520145
2020-08-11 19:00:00,55893.0,56919.06514346633
2020-08-11 20:00:00,53308.0,55402.82108317747
2020-08-11 21:00:00,50032.0,52649.746828637944
2020-08-11 22:00:00,46978.0,49393.998502494884
2020-08-11 23:00:00,44866.0,46475.37225279951
2020-08-12 00:00:00,43623.0,44529.26064384744
2020-08-12 01:00:00,43510.0,43432.37436963354
2020-08-12 02:00:00,44244.0,43447.40939971701
2020-08-12 03:00:00,47138.0,44455.731040706705
2020-08-12 04:00:00,52307.0,47683.93777257453
2020-08-12 05:00:00,57588.0,52900.082522152064
2020-08-12 06:00:00,61120.0,58005.942790358524
2020-08-12 07:00:00,62861.0,61273.10295451233
2020-08-12 08:00:00,64524.0,62981.741987322785
2020-08-12 09:00:00,65919.0,64551.13559773457
2020-08-12 10:00:00,66198.0,65752.36779041299
2020-08-12 11:00:00,65113.0,65936.76254170656
2020-08-12 12:00:00,63815.0,64896.77239422768
2020-08-12 13:00:00,62860.0,63627.12921799443
2020-08-12 14:00:00,61974.0,62657.07949570511
2020-08-12 15:00:00,60814.0,61884.73394145225
2020-08-12 16:00:00,59677.0,60785.244448850965
2020-08-12 17:00:00,58548.0,59641.108734503105
2020-08-12 18:00:00,56605.0,58415.85200790917
2020-08-12 19:00:00,54927.0,56497.93888544805
2020-08-12 20:00:00,51560.0,54697.29910045537
2020-08-12 21:00:00,48485.0,51322.20916517308
2020-08-12 22:00:00,46002.0,48240.67069292516
2020-08-12 23:00:00,44369.0,45785.38274924714
2020-08-13 00:00:00,43362.0,44184.39447734833
2020-08-13 01:00:00,43130.0,43282.41041701855
2020-08-13 02:00:00,43843.0,43186.31229969934
2020-08-13 03:00:00,46336.0,44186.74775873361
2020-08-13 04:00:00,51857.0,47017.08498306803
2020-08-13 05:00:00,57375.0,52548.10176904213
2020-08-13 06:00:00,61386.0,57863.298850884385
2020-08-13 07:00:00,63243.0,61603.07500737526
2020-08-13 08:00:00,64859.0,63397.7438109546
2020-08-13 09:00:00,66403.0,64970.604112039735
2020-08-13 10:00:00,66212.0,66365.61542509656
2020-08-13 11:00:00,64556.0,66064.05838019034
2020-08-13 12:00:00,63375.0,64433.429580422395
2020-08-13 13:00:00,62369.0,63289.89351139642
2020-08-13 14:00:00,61411.0,62322.6186681271
2020-08-13 15:00:00,61134.0,61386.63612640456
2020-08-13 16:00:00,60522.0,61059.39713838055
2020-08-13 17:00:00,58694.0,60429.849689868024
2020-08-13 18:00:00,56025.0,58597.55582225281
2020-08-13 19:00:00,55269.0,56012.40164026715
2020-08-13 20:00:00,51580.0,54960.45114292761
2020-08-13 21:00:00,47996.0,51318.43515864379
2020-08-13 22:00:00,45811.0,47846.17077057382
2020-08-13 23:00:00,43831.0,45729.92441519319
2020-08-14 00:00:00,42942.0,43856.97405467166
2020-08-14 01:00:00,42897.0,43051.67667174353
2020-08-14 02:00:00,43550.0,43096.58027999784
2020-08-14 03:00:00,46206.0,43957.41461213979
2020-08-14 04:00:00,51856.0,46945.13270230549
2020-08-14 05:00:00,56325.0,52612.515147819824
2020-08-14 06:00:00,59260.0,57026.61307380585
2020-08-14 07:00:00,61039.0,59817.45987236994
2020-08-14 08:00:00,63102.0,61548.50579092506
2020-08-14 09:00:00,64290.0,63535.89218937799
2020-08-14 10:00:00,63337.0,64548.5768779659
2020-08-14 11:00:00,61737.0,63485.855136889724
2020-08-14 12:00:00,60222.0,61919.44379624554
2020-08-14 13:00:00,59268.0,60475.34638501038
2020-08-14 14:00:00,58793.0,59565.814152349434
2020-08-14 15:00:00,58412.0,59176.438092785545
2020-08-14 16:00:00,57271.0,58829.049621524005
2020-08-14 17:00:00,55974.0,57666.02123363944
2020-08-14 18:00:00,53312.0,56246.72771641755
2020-08-14 19:00:00,51791.0,53780.223580260485
2020-08-14 20:00:00,48636.0,52008.8541468901
2020-08-14 21:00:00,45272.0,48786.68891047171
2020-08-14 22:00:00,42335.0,45538.14658944779
2020-08-14 23:00:00,40486.0,42697.8695448533
2020-08-15 00:00:00,39016.0,40953.02826437754
2020-08-15 01:00:00,38763.0,39643.81516913905
2020-08-15 02:00:00,38641.0,39495.16487101602
2020-08-15 03:00:00,39359.0,39680.08080451331
2020-08-15 04:00:00,40146.0,40937.81350367257
2020-08-15 05:00:00,42505.0,42102.0912515103
2020-08-15 06:00:00,45947.0,44493.19815740328
2020-08-15 07:00:00,48699.0,47714.283064889125
2020-08-15 08:00:00,50355.0,50335.38285039797
2020-08-15 09:00:00,51986.0,51903.87099042478
2020-08-15 10:00:00,51867.0,53237.21527158042
2020-08-15 11:00:00,50879.0,52953.64418141706
2020-08-15 12:00:00,49344.0,51929.78541899552
2020-08-15 13:00:00,48489.0,50494.24815618081
2020-08-15 14:00:00,47742.0,49736.36549310773
2020-08-15 15:00:00,48201.0,49115.33983965903
2020-08-15 16:00:00,48227.0,49492.455823737844
2020-08-15 17:00:00,47462.0,49448.78643668511
2020-08-15 18:00:00,45981.0,48512.922388580846
2020-08-15 19:00:00,45044.0,47024.68087496807
2020-08-15 20:00:00,43216.0,45829.93594695007
2020-08-15 21:00:00,40855.0,43823.12222265913
2020-08-15 22:00:00,38611.0,41391.1580357815
2020-08-15 23:00:00,37322.0,39179.611388145735
2020-08-16 00:00:00,36285.0,37871.65005742515
2020-08-16 01:00:00,35724.0,36925.319301565476
2020-08-16 02:00:00,35413.0,36414.36544812047
2020-08-16 03:00:00,36111.0,36211.770786341374
2020-08-16 04:00:00,36115.0,36903.60520305579
2020-08-16 05:00:00,37971.0,37106.20555822733
2020-08-16 06:00:00,40986.0,39067.3180323851
2020-08-16 07:00:00,43382.0,41963.31472187262
2020-08-16 08:00:00,45632.0,44163.65667880448
2020-08-16 09:00:00,48132.0,46267.612833957995
2020-08-16 10:00:00,48615.0,48447.420726964956
2020-08-16 11:00:00,47411.0,48760.323638625705
2020-08-16 12:00:00,46093.0,47527.74316251621
2020-08-16 13:00:00,45534.0,46318.391518137556
2020-08-16 14:00:00,45042.0,45828.66585352603
2020-08-16 15:00:00,46762.0,45572.73720190092
2020-08-16 16:00:00,47437.0,47238.500234139516
2020-08-16 17:00:00,47410.0,47840.67449805111
2020-08-16 18:00:00,46097.0,47657.69440787695
2020-08-16 19:00:00,46012.0,46332.6022383363
2020-08-16 20:00:00,44475.0,46012.19389757613
2020-08-16 21:00:00,41984.0,44357.05366754695
2020-08-16 22:00:00,40508.0,41871.66914411709
2020-08-16 23:00:00,38671.0,40421.92095031085
2020-08-17 00:00:00,37544.0,38700.83612836414
2020-08-17 01:00:00,37485.0,37665.16189209287
2020-08-17 02:00:00,39394.0,37601.789070311
2020-08-17 03:00:00,43121.0,39413.62248550109
2020-08-17 04:00:00,49941.0,42765.7246316278
2020-08-17 05:00:00,55861.0,49044.250297383885
2020-08-17 06:00:00,59448.0,54632.26132368948
2020-08-17 07:00:00,61156.0,58043.53329386392
2020-08-17 08:00:00,62380.0,59749.632273296
2020-08-17 09:00:00,64225.0,61069.79742847069
2020-08-17 10:00:00,64098.0,62727.21338184184
2020-08-17 11:00:00,63568.0,62450.556009096574
2020-08-17 12:00:00,62637.0,61817.355738923565
2020-08-17 13:00:00,61547.0,60929.40691865872
2020-08-17 14:00:00,60965.0,59923.76635783608
2020-08-17 15:00:00,60370.0,59637.627029304145
2020-08-17 16:00:00,59479.0,59221.7577877795
2020-08-17 17:00:00,58210.0,58456.00196798561
2020-08-17 18:00:00,56124.0,57183.35058880394
2020-08-17 19:00:00,54783.0,55304.28710125869
2020-08-17 20:00:00,50461.0,53927.27177590221
2020-08-17 21:00:00,46889.0,49770.50478599034
2020-08-17 22:00:00,44330.0,46401.99512654162
2020-08-17 23:00:00,42473.0,43901.95012512698
2020-08-18 00:00:00,41081.0,42099.821130030185
2020-08-18 01:00:00,41193.0,40839.440021906754
2020-08-18 02:00:00,42435.0,41143.32482221518
2020-08-18 03:00:00,45960.0,42663.43223161556
2020-08-18 04:00:00,52688.0,46566.711498520206
2020-08-18 05:00:00,58020.0,53221.079194833095
2020-08-18 06:00:00,61497.0,58343.48031582101
2020-08-18 07:00:00,62494.0,61572.97556393192
2020-08-18 08:00:00,63778.0,62521.59405805263
2020-08-18 09:00:00,64918.0,63821.25838424246
2020-08-18 10:00:00,64643.0,64805.3486425342
2020-08-18 11:00:00,63254.0,64481.3533191339
2020-08-18 12:00:00,61703.0,63145.26689491826
2020-08-18 13:00:00,60257.0,61663.78264782576
2020-08-18 14:00:00,59692.0,60350.57028362858
2020-08-18 15:00:00,59330.0,59865.19548433232
2020-08-18 16:00:00,59416.0,59531.500205671204
2020-08-18 17:00:00,57679.0,59538.97491937827
2020-08-18 18:00:00,55332.0,57783.75905764324
2020-08-18 19:00:00,54342.0,55536.41498142146
2020-08-18 20:00:00,50318.0,54182.35862252093
2020-08-18 21:00:00,46680.0,50182.62735860742
2020-08-18 22:00:00,44442.0,46639.5662906531
2020-08-18 23:00:00,43054.0,44431.932134914794
2020-08-19 00:00:00,42103.0,43035.686402538755
2020-08-19 01:00:00,41874.0,42190.42555320236
2020-08-19 02:00:00,42686.0,42113.1307160651
2020-08-19 03:00:00,46053.0,43226.88072668678
2020-08-19 04:00:00,52415.0,46977.56924280204
2020-08-19 05:00:00,57349.0,53221.58324310811
2020-08-19 06:00:00,60783.0,57943.26212314589
2020-08-19 07:00:00,61897.0,61024.31979327821
2020-08-19 08:00:00,63094.0,62075.407995983165
2020-08-19 09:00:00,64332.0,63231.74285975659
2020-08-19 10:00:00,64078.0,64300.54977003255
2020-08-19 11:00:00,63309.0,63922.24134798582
2020-08-19 12:00:00,61387.0,63075.01022244274
2020-08-19 13:00:00,60199.0,61229.51222686372
2020-08-19 14:00:00,59708.0,60159.55033035051
2020-08-19 15:00:00,59606.0,59765.26076329917
2020-08-19 16:00:00,59217.0,59775.62382793711
2020-08-19 17:00:00,57725.0,59302.81552170221
2020-08-19 18:00:00,55626.0,57716.1958132552
2020-08-19 19:00:00,54047.0,55696.107376703905
2020-08-19 20:00:00,50078.0,53790.02125336088
2020-08-19 21:00:00,46621.0,49778.12814835582
2020-08-19 22:00:00,44185.0,46384.001153115096
2020-08-19 23:00:00,42809.0,44012.90481400746
2020-08-20 00:00:00,42018.0,42663.908535432056
2020-08-20 01:00:00,41807.0,41936.289944453594
2020-08-20 02:00:00,42997.0,41881.3579003571
2020-08-20 03:00:00,45528.0,43350.777103913744
2020-08-20 04:00:00,52274.0,46326.751324937824
2020-08-20 05:00:00,57611.0,52907.48660043787
2020-08-20 06:00:00,60939.0,58045.46065012186
2020-08-20 07:00:00,61872.0,61097.07021076398
2020-08-20 08:00:00,63441.0,61977.919240735864
2020-08-20 09:00:00,65363.0,63439.43299444218
2020-08-20 10:00:00,66415.0,65100.183785319794
2020-08-20 11:00:00,64954.0,65951.10359888483
2020-08-20 12:00:00,63651.0,64448.250092810486
2020-08-20 13:00:00,62626.0,63200.98023872166
2020-08-20 14:00:00,61411.0,62296.93887493748
2020-08-20 15:00:00,60933.0,61295.195885511486
2020-08-20 16:00:00,60412.0,60922.20272762028
2020-08-20 17:00:00,58945.0,60359.66108551201
2020-08-20 18:00:00,56693.0,58815.129936557554
2020-08-20 19:00:00,54788.0,56581.81638465078
2020-08-20 20:00:00,51005.0,54375.71042550912
2020-08-20 21:00:00,47834.0,50532.8235949984
2020-08-20 22:00:00,45252.0,47347.856087419044
2020-08-20 23:00:00,44509.0,44840.33573593451
2020-08-21 00:00:00,43332.0,44084.78880317664
2020-08-21 01:00:00,42981.0,43003.526186307274
2020-08-21 02:00:00,43637.0,42800.46670390088
2020-08-21 03:00:00,47084.0,43693.08015665447
2020-08-21 04:00:00,52528.0,47538.0494704054
2020-08-21 05:00:00,57410.0,52970.62878799799
2020-08-21 06:00:00,61241.0,57675.28868026969
2020-08-21 07:00:00,63738.0,61180.529704236105
2020-08-21 08:00:00,64944.0,63543.66918809519
2020-08-21 09:00:00,65823.0,64795.41532940319
2020-08-21 10:00:00,64203.0,65648.10093247646
2020-08-21 11:00:00,63929.0,64019.933703527444
2020-08-21 12:00:00,63194.0,63636.48110898775
2020-08-21 13:00:00,61620.0,62892.132665331315
2020-08-21 14:00:00,60362.0,61423.71602861617
2020-08-21 15:00:00,59690.0,60337.71837154025
2020-08-21 16:00:00,58924.0,59784.49924122167
2020-08-21 17:00:00,57229.0,59006.48943437555
2020-08-21 18:00:00,54826.0,57256.05379820221
2020-08-21 19:00:00,52660.0,54896.316434392866
2020-08-21 20:00:00,49479.0,52535.0351672618
2020-08-21 21:00:00,45905.0,49323.41011717496
2020-08-21 22:00:00,43887.0,45829.739285571
2020-08-21 23:00:00,42747.0,43935.2339660532
2020-08-22 00:00:00,41322.0,42771.1175170938
2020-08-22 01:00:00,40381.0,41437.738750601406
2020-08-22 02:00:00,39631.0,40629.77954688237
2020-08-22 03:00:00,39977.0,40322.90473539499
2020-08-22 04:00:00,42175.0,41202.91054593727
2020-08-22 05:00:00,44466.0,43698.81353043133
2020-08-22 06:00:00,48066.0,46172.280466738805
2020-08-22 07:00:00,50344.0,49653.42696939212
2020-08-22 08:00:00,52113.0,51757.604156131165
2020-08-22 09:00:00,53543.0,53370.09514787373
2020-08-22 10:00:00,53524.0,54430.7867739109
2020-08-22 11:00:00,52150.0,54349.59776515195
2020-08-22 12:00:00,50442.0,53014.80858267121
2020-08-22 13:00:00,49535.0,51307.55851261364
2020-08-22 14:00:00,49154.0,50419.18968544542
2020-08-22 15:00:00,50050.0,50115.9040614568
2020-08-22 16:00:00,50695.0,50956.6892611427
2020-08-22 17:00:00,49446.0,51482.10428280032
2020-08-22 18:00:00,47061.0,50143.07644400616
2020-08-22 19:00:00,45865.0,47771.080216043236
2020-08-22 20:00:00,43843.0,46309.62733039221
2020-08-22 21:00:00,41583.0,44088.74512782521
2020-08-22 22:00:00,39024.0,41830.52794826937
2020-08-22 23:00:00,37981.0,39421.98943398764
2020-08-23 00:00:00,36659.0,38351.38013990798
2020-08-23 01:00:00,36291.0,37063.73940638037
2020-08-23 02:00:00,36081.0,36649.81622939307
2020-08-23 03:00:00,36231.0,36489.61970728351
2020-08-23 04:00:00,36855.0,36859.5627707924
2020-08-23 05:00:00,38228.0,37647.1641604145
2020-08-23 06:00:00,41124.0,39186.35601912583
2020-08-23 07:00:00,43856.0,41874.57475818878
2020-08-23 08:00:00,46706.0,44434.08150198109
2020-08-23 09:00:00,49083.0,47120.050194496594
2020-08-23 10:00:00,48313.0,49218.58426955214
2020-08-23 11:00:00,48084.0,48371.45606566235
2020-08-23 12:00:00,46866.0,47981.64922345443
2020-08-23 13:00:00,45070.0,46813.37991000816
2020-08-23 14:00:00,44564.0,45215.5477628884
2020-08-23 15:00:00,45965.0,45006.95326911399
2020-08-23 16:00:00,47009.0,46501.291972607396
2020-08-23 17:00:00,46182.0,47455.23031261787
2020-08-23 18:00:00,44965.0,46524.61900691554
2020-08-23 19:00:00,44571.0,45322.97907699596
2020-08-23 20:00:00,43486.0,44757.77490117267
2020-08-23 21:00:00,41473.0,43549.5810886591
2020-08-23 22:00:00,39574.0,41470.2753685666
2020-08-23 23:00:00,38372.0,39656.612437698124
2020-08-24 00:00:00,37817.0,38435.865496092156
2020-08-24 01:00:00,37652.0,37929.357211553885
2020-08-24 02:00:00,38539.0,37778.43091474138
2020-08-24 03:00:00,42418.0,38604.24324400904
2020-08-24 04:00:00,49257.0,42166.540562513415
2020-08-24 05:00:00,55077.0,48417.63869221852
2020-08-24 06:00:00,59140.0,53889.84773943323
2020-08-24 07:00:00,60497.0,57740.53820298691
2020-08-24 08:00:00,63159.0,59179.68113167802
2020-08-24 09:00:00,64724.0,61761.63332577147
2020-08-24 10:00:00,64668.0,63048.387641249254
2020-08-24 11:00:00,63686.0,62957.403385660364
2020-08-24 12:00:00,61518.0,61913.13400357565
2020-08-24 13:00:00,61003.0,59751.08913021584
2020-08-24 14:00:00,59865.0,59256.37517613783
2020-08-24 15:00:00,59103.0,58436.04713374866
2020-08-24 16:00:00,58648.0,57933.88318621242
2020-08-24 17:00:00,57553.0,57506.760408799506
2020-08-24 18:00:00,55402.0,56416.2499982651
2020-08-24 19:00:00,53265.0,54441.29197321903
2020-08-24 20:00:00,49436.0,52390.050993332705
2020-08-24 21:00:00,46191.0,48723.73767206821
2020-08-24 22:00:00,43803.0,45613.001625276724
2020-08-24 23:00:00,42855.0,43347.15046686481
2020-08-25 00:00:00,42040.0,42447.25104989083
2020-08-25 01:00:00,41933.0,41703.585936141804
2020-08-25 02:00:00,42607.0,41709.623001332344
2020-08-25 03:00:00,46063.0,42750.003103574614
2020-08-25 04:00:00,52386.0,46603.42373326036
2020-08-25 05:00:00,56865.0,52859.24328920088
2020-08-25 06:00:00,59969.0,57223.866267077196
2020-08-25 07:00:00,61490.0,60061.261405478355
2020-08-25 08:00:00,62527.0,61631.476592128885
2020-08-25 09:00:00,64116.0,62684.75916068955
2020-08-25 10:00:00,63975.0,64065.395783961925
2020-08-25 11:00:00,63172.0,63814.967996299165
2020-08-25 12:00:00,62399.0,62883.3460663879
2020-08-25 13:00:00,60980.0,62151.94850620414
2020-08-25 14:00:00,59774.0,60763.38429708322
2020-08-25 15:00:00,59783.0,59619.95461898535
2020-08-25 16:00:00,59420.0,59615.78673954556
2020-08-25 17:00:00,58508.0,59196.18921179738
2020-08-25 18:00:00,56607.0,58121.60060602594
2020-08-25 19:00:00,54695.0,56103.16429943033
2020-08-25 20:00:00,52206.0,53902.71098550094
2020-08-25 21:00:00,48023.0,51234.86515499495
2020-08-25 22:00:00,44764.0,47145.422702062446
2020-08-25 23:00:00,43702.0,44075.03884333561
2020-08-26 00:00:00,42754.0,43001.60262456346
2020-08-26 01:00:00,42845.0,42130.44186453616
2020-08-26 02:00:00,43847.0,42291.68837056071
2020-08-26 03:00:00,48040.0,43625.142725796526
2020-08-26 04:00:00,54488.0,48120.15580278792
2020-08-26 05:00:00,59396.0,54387.51622826589
2020-08-26 06:00:00,62753.0,59058.85796319555
2020-08-26 07:00:00,65702.0,62153.554551292335
2020-08-26 08:00:00,67871.0,64873.17408788304
2020-08-26 09:00:00,68656.0,66964.26255836476
2020-08-26 10:00:00,68264.0,67625.94706156038
2020-08-26 11:00:00,67372.0,67151.61234463935
2020-08-26 12:00:00,66067.0,66259.89331814597
2020-08-26 13:00:00,64683.0,64947.99746748407
2020-08-26 14:00:00,63724.0,63598.32628264838
2020-08-26 15:00:00,63521.0,62798.817480811216
2020-08-26 16:00:00,62784.0,62640.95139228369
2020-08-26 17:00:00,62168.0,61936.23359048084
2020-08-26 18:00:00,60663.0,61199.28258707804
2020-08-26 19:00:00,57295.0,59640.228406265815
2020-08-26 20:00:00,52615.0,56334.30844026637
2020-08-26 21:00:00,48629.0,51662.70435028366
2020-08-26 22:00:00,46255.0,47718.63180439592
2020-08-26 23:00:00,44549.0,45487.13826613538
2020-08-27 00:00:00,44530.0,43918.87893912045
2020-08-27 01:00:00,44142.0,43962.30546411727
2020-08-27 02:00:00,45389.0,43765.34738264368
2020-08-27 03:00:00,49181.0,45414.66736738836
2020-08-27 04:00:00,54923.0,49574.48344025737
2020-08-27 05:00:00,59323.0,55270.388964201105
2020-08-27 06:00:00,62841.0,59543.25927725887
2020-08-27 07:00:00,63176.0,62953.027556501904
2020-08-27 08:00:00,64720.0,63452.598406615725
2020-08-27 09:00:00,66329.0,64939.62824539662
2020-08-27 10:00:00,65456.0,66366.72516734949
2020-08-27 11:00:00,64110.0,65515.82902477941
2020-08-27 12:00:00,61664.0,64195.26766967402
2020-08-27 13:00:00,60101.0,61888.53088229184
2020-08-27 14:00:00,58640.0,60434.94693916311
2020-08-27 15:00:00,58493.0,59194.291854486306
2020-08-27 16:00:00,58512.0,59099.929757331425
2020-08-27 17:00:00,57252.0,59141.04343496307
2020-08-27 18:00:00,55664.0,57864.604112194465
2020-08-27 19:00:00,52438.0,56043.47547616522
2020-08-27 20:00:00,49227.0,52608.627887120456
2020-08-27 21:00:00,46116.0,49249.64319323346
2020-08-27 22:00:00,43295.0,46137.83907735432
2020-08-27 23:00:00,41853.0,43365.737563959236
2020-08-28 00:00:00,40772.0,42014.82081158796
2020-08-28 01:00:00,40902.0,40959.40008239775
2020-08-28 02:00:00,41710.0,41184.698831698246
2020-08-28 03:00:00,45402.0,42334.19025083651
2020-08-28 04:00:00,52417.0,46320.990524291476
2020-08-28 05:00:00,57014.0,53117.13298882433
2020-08-28 06:00:00,59690.0,57617.27679489892
2020-08-28 07:00:00,61366.0,60004.8728588185
2020-08-28 08:00:00,63017.0,61638.45592668277
2020-08-28 09:00:00,64133.0,63250.54464491265
2020-08-28 10:00:00,64544.0,64133.639265117396
2020-08-28 11:00:00,63300.0,64364.93826772873
2020-08-28 12:00:00,59620.0,62985.45989983296
2020-08-28 13:00:00,58933.0,59578.86943943791
2020-08-28 14:00:00,57778.0,58868.555554565675
2020-08-28 15:00:00,57208.0,57915.41312448634
2020-08-28 16:00:00,56372.0,57481.4349851381
2020-08-28 17:00:00,55134.0,56647.62650326313
2020-08-28 18:00:00,53852.0,55372.968705774234
2020-08-28 19:00:00,51542.0,53866.46502522567
2020-08-28 20:00:00,47300.0,51432.55389458126
2020-08-28 21:00:00,44223.0,47261.37293495322
2020-08-28 22:00:00,41728.0,44178.899570943235
2020-08-28 23:00:00,40008.0,41758.132535884506
2020-08-29 00:00:00,38829.0,40070.622453965974
2020-08-29 01:00:00,39071.0,39016.294294661646
2020-08-29 02:00:00,38523.0,39335.41535937361
2020-08-29 03:00:00,38849.0,39276.19305098246
2020-08-29 04:00:00,40675.0,40354.62740919241
2020-08-29 05:00:00,43057.0,42494.740053783826
2020-08-29 06:00:00,46166.0,44909.61277775219
2020-08-29 07:00:00,49195.0,47836.223233968725
2020-08-29 08:00:00,51154.0,50675.208842142645
2020-08-29 09:00:00,52156.0,52492.032740635965
2020-08-29 10:00:00,52347.0,53420.267012465876
2020-08-29 11:00:00,50217.0,53463.11365903229
2020-08-29 12:00:00,49152.0,51190.27806803525
2020-08-29 13:00:00,48417.0,50229.105743891334
2020-08-29 14:00:00,47872.0,49531.19239533732
2020-08-29 15:00:00,48523.0,49077.60537125082
2020-08-29 16:00:00,48792.0,49665.84050967632
2020-08-29 17:00:00,47831.0,49855.06888736477
2020-08-29 18:00:00,46590.0,48891.88536057211
2020-08-29 19:00:00,44887.0,47538.47171568892
2020-08-29 20:00:00,42443.0,45554.68313177176
2020-08-29 21:00:00,39637.0,43039.05240077443
2020-08-29 22:00:00,37614.0,40265.14739669466
2020-08-29 23:00:00,36362.0,38271.02884381484
2020-08-30 00:00:00,35428.0,37027.18527796727
2020-08-30 01:00:00,34807.0,36219.071170636045
2020-08-30 02:00:00,34625.0,35602.17753282922
2020-08-30 03:00:00,35379.0,35475.85489312003
2020-08-30 04:00:00,36097.0,36356.38829582373
2020-08-30 05:00:00,36870.0,37232.91055745112
2020-08-30 06:00:00,39591.0,38211.726587673365
2020-08-30 07:00:00,42434.0,40922.15653310135
2020-08-30 08:00:00,45472.0,43651.72242589524
2020-08-30 09:00:00,47775.0,46467.59092832508
2020-08-30 10:00:00,47919.0,48527.93368818319
2020-08-30 11:00:00,46491.0,48417.024874311624
2020-08-30 12:00:00,44657.0,47010.51372576563
2020-08-30 13:00:00,43887.0,45289.59823890862
2020-08-30 14:00:00,43897.0,44556.207711188246
2020-08-30 15:00:00,45375.0,44670.53245146661
2020-08-30 16:00:00,46359.0,46061.04374161263
2020-08-30 17:00:00,46306.0,46863.803814050385
2020-08-30 18:00:00,46182.0,46680.92285289792
2020-08-30 19:00:00,44860.0,46352.42353300374
2020-08-30 20:00:00,43234.0,44889.22348447039
2020-08-30 21:00:00,40621.0,43105.298639700086
2020-08-30 22:00:00,39327.0,40552.28483482781
2020-08-30 23:00:00,38254.0,39280.08257339082
2020-08-31 00:00:00,37722.0,38245.45618006933
2020-08-31 01:00:00,37789.0,37724.456105320925
2020-08-31 02:00:00,39668.0,37785.395456587576
2020-08-31 03:00:00,44205.0,39566.604471428014
2020-08-31 04:00:00,52216.0,43724.73503184623
2020-08-31 05:00:00,57265.0,50976.89751149838
2020-08-31 06:00:00,60173.0,55759.46665904345
2020-08-31 07:00:00,61367.0,58617.865727186334
2020-08-31 08:00:00,62832.0,59960.14825487251
2020-08-31 09:00:00,63789.0,61466.7458520352
2020-08-31 10:00:00,64472.0,62287.99829688296
2020-08-31 11:00:00,63139.0,62709.639674427366
2020-08-31 12:00:00,62301.0,61313.68278577635
2020-08-31 13:00:00,60358.0,60489.1774914338
2020-08-31 14:00:00,59044.0,58775.46448928824
2020-08-31 15:00:00,59327.0,57813.68918008134
2020-08-31 16:00:00,58748.0,58224.19390314642
2020-08-31 17:00:00,57982.0,57730.821318305105
2020-08-31 18:00:00,56710.0,57031.579324794206
2020-08-31 19:00:00,53570.0,55730.18740601622
2020-08-31 20:00:00,49860.0,52715.69157478802
2020-08-31 21:00:00,46168.0,49092.39840334753
2020-08-31 22:00:00,43344.0,45633.08443481213
2020-08-31 23:00:00,41690.0,42979.112084853536
2020-09-01 00:00:00,40835.0,41432.55974495077
2020-09-01 01:00:00,41159.0,40669.706967426355
2020-09-01 02:00:00,42443.0,41168.290863022456
2020-09-01 03:00:00,46106.0,42818.66518441709
2020-09-01 04:00:00,54352.0,46972.526646977676
2020-09-01 05:00:00,58810.0,54887.095285306255
2020-09-01 06:00:00,61505.0,59157.34632053082
2020-09-01 07:00:00,62122.0,61659.27986178331
2020-09-01 08:00:00,63593.0,62308.96404352053
2020-09-01 09:00:00,65152.0,63691.490417545065
2020-09-01 10:00:00,65228.0,65134.89600284846
2020-09-01 11:00:00,64302.0,65039.613756932486
2020-09-01 12:00:00,62853.0,64115.88926601904
2020-09-01 13:00:00,61658.0,62627.109800893
2020-09-01 14:00:00,59947.0,61452.13771731763
2020-09-01 15:00:00,59992.0,60012.1789032539
2020-09-01 16:00:00,59691.0,60055.93751411125
2020-09-01 17:00:00,58615.0,59753.53470865221
2020-09-01 18:00:00,57861.0,58650.782348365494
2020-09-01 19:00:00,54930.0,57618.98182210167
2020-09-01 20:00:00,50483.0,54579.210923018014
2020-09-01 21:00:00,46427.0,50199.01534976053
2020-09-01 22:00:00,43933.0,46265.586676809784
2020-09-01 23:00:00,41983.0,43854.50198068325
2020-09-02 00:00:00,41148.0,42022.82563686542
2020-09-02 01:00:00,41058.0,41314.24095101128
2020-09-02 02:00:00,42365.0,41379.88582693028
2020-09-02 03:00:00,46139.0,42954.83186825102
2020-09-02 04:00:00,53911.0,47236.71831341317
2020-09-02 05:00:00,58697.0,54665.487929311355
2020-09-02 06:00:00,61084.0,59196.041468270676
2020-09-02 07:00:00,61796.0,61328.91419381018
2020-09-02 08:00:00,63550.0,62042.87802715381
2020-09-02 09:00:00,65110.0,63723.914750787415
2020-09-02 10:00:00,64772.0,65093.248647036715
2020-09-02 11:00:00,64089.0,64678.721792547076
2020-09-02 12:00:00,63227.0,63922.52173380711
2020-09-02 13:00:00,61143.0,63050.73003541606
2020-09-02 14:00:00,60156.0,61052.9037183956
2020-09-02 15:00:00,59357.0,60255.984188582675
2020-09-02 16:00:00,58391.0,59594.51612233348
2020-09-02 17:00:00,57805.0,58674.80155646659
2020-09-02 18:00:00,56916.0,58082.74605690793
2020-09-02 19:00:00,54449.0,56963.07859361516
2020-09-02 20:00:00,50219.0,54261.71961910422
2020-09-02 21:00:00,46390.0,50019.9898584507
2020-09-02 22:00:00,43920.0,46316.03193455604
2020-09-02 23:00:00,42169.0,43878.74330093502
2020-09-03 00:00:00,41333.0,42200.56373616727
2020-09-03 01:00:00,41304.0,41414.17585456991
2020-09-03 02:00:00,42761.0,41502.56237875905
2020-09-03 03:00:00,46360.0,43206.869134455876
2020-09-03 04:00:00,53372.0,47278.21279322394
2020-09-03 05:00:00,57743.0,54044.034580650696
2020-09-03 06:00:00,61055.0,58134.310446172196
2020-09-03 07:00:00,62404.0,61096.423548009974
2020-09-03 08:00:00,64315.0,62428.39944649759
2020-09-03 09:00:00,66112.0,64271.106293103636
2020-09-03 10:00:00,65068.0,65807.76890892649
2020-09-03 11:00:00,63880.0,64766.8283937814
2020-09-03 12:00:00,63284.0,63601.64723787921
2020-09-03 13:00:00,62019.0,62852.94464837263
2020-09-03 14:00:00,61252.0,61656.79822981487
2020-09-03 15:00:00,60698.0,60950.57983264719
2020-09-03 16:00:00,60126.0,60409.06506775547
2020-09-03 17:00:00,59339.0,59852.140691935405
2020-09-03 18:00:00,59105.0,59034.99079959691
2020-09-03 19:00:00,56050.0,58497.19801984254
2020-09-03 20:00:00,52429.0,55268.859505221306
2020-09-03 21:00:00,47918.0,51586.64485163854
2020-09-03 22:00:00,44991.0,47267.77460612224
2020-09-03 23:00:00,43224.0,44455.868669010575
2020-09-04 00:00:00,42141.0,42802.85676726766
2020-09-04 01:00:00,41979.0,41840.751823396575
2020-09-04 02:00:00,43368.0,41868.61143216008
2020-09-04 03:00:00,46766.0,43544.955934251615
2020-09-04 04:00:00,52911.0,47414.737050400254
2020-09-04 05:00:00,57091.0,53431.52560023263
2020-09-04 06:00:00,60061.0,57525.65582014803
2020-09-04 07:00:00,61400.0,60300.24820324104
2020-09-04 08:00:00,62700.0,61651.02339291123
2020-09-04 09:00:00,63375.0,62947.68787828886
2020-09-04 10:00:00,63050.0,63375.73271032529
2020-09-04 11:00:00,62757.0,62932.28813327346
2020-09-04 12:00:00,60848.0,62617.13777533121
2020-09-04 13:00:00,59558.0,60819.06283814496
2020-09-04 14:00:00,57596.0,59652.75897992337
2020-09-04 15:00:00,56455.0,57940.09630204566
2020-09-04 16:00:00,55364.0,56965.83065079948
2020-09-04 17:00:00,54456.0,55969.5997823179
2020-09-04 18:00:00,53892.0,55139.01350395201
2020-09-04 19:00:00,50952.0,54293.17723480243
2020-09-04 20:00:00,46944.0,51240.51431708995
2020-09-04 21:00:00,44142.0,47151.38931719078
2020-09-04 22:00:00,41569.0,44323.67089192444
2020-09-04 23:00:00,40170.0,41829.32064852962
2020-09-05 00:00:00,39036.0,40463.04793573529
2020-09-05 01:00:00,38325.0,39436.5279872226
2020-09-05 02:00:00,38011.0,38934.139080654786
2020-09-05 03:00:00,39257.0,39016.52439769041
2020-09-05 04:00:00,41209.0,40792.37341442597
2020-09-05 05:00:00,43517.0,42951.82891806741
2020-09-05 06:00:00,47340.0,45299.11976788591
2020-09-05 07:00:00,50930.0,48846.50454630807
2020-09-05 08:00:00,52664.0,52166.80312806487
2020-09-05 09:00:00,53489.0,53747.783718225495
2020-09-05 10:00:00,52485.0,54389.51341038827
2020-09-05 11:00:00,51049.0,53414.61275331056
2020-09-05 12:00:00,50396.0,51934.08120174675
2020-09-05 13:00:00,49491.0,51263.451944077984
2020-09-05 14:00:00,48650.0,50318.62710448987
2020-09-05 15:00:00,49364.0,49549.20391834221
2020-09-05 16:00:00,49540.0,50164.18476603809
2020-09-05 17:00:00,48679.0,50305.66753126696
2020-09-05 18:00:00,48161.0,49519.11613850979
2020-09-05 19:00:00,45431.0,48728.30307318244
2020-09-05 20:00:00,43339.0,45834.49298678447
2020-09-05 21:00:00,40615.0,43640.71066037675
2020-09-05 22:00:00,38462.0,40896.6487939142
2020-09-05 23:00:00,37246.0,38804.44365535718
2020-09-06 00:00:00,36181.0,37587.246319612146
2020-09-06 01:00:00,35590.0,36560.2492394369
2020-09-06 02:00:00,35279.0,36015.86480243457
2020-09-06 03:00:00,35694.0,35869.48134720481
2020-09-06 04:00:00,36783.0,36476.46557336567
2020-09-06 05:00:00,38353.0,37681.50238646612
2020-09-06 06:00:00,41554.0,39463.3238861766
2020-09-06 07:00:00,44730.0,42641.7628830684
2020-09-06 08:00:00,46869.0,45585.816241444474
2020-09-06 09:00:00,48801.0,47556.07996201477
2020-09-06 10:00:00,49120.0,49192.01724893795
2020-09-06 11:00:00,47217.0,49338.721800368454
2020-09-06 12:00:00,46088.0,47613.64199895186
2020-09-06 13:00:00,44905.0,46563.63604783676
2020-09-06 14:00:00,44662.0,45504.72905465108
2020-09-06 15:00:00,46181.0,45480.01204415675
2020-09-06 16:00:00,46931.0,46969.420878073244
2020-09-06 17:00:00,46517.0,47625.14521670711
2020-09-06 18:00:00,46720.0,47209.22299820817
2020-09-06 19:00:00,44790.0,47083.740736434804
2020-09-06 20:00:00,43130.0,45108.96721449076
2020-09-06 21:00:00,40774.0,43318.85004107839
2020-09-06 22:00:00,39037.0,40971.600674961315
2020-09-06 23:00:00,37922.0,39274.55351185084
2020-09-07 00:00:00,37307.0,38149.687945431666
2020-09-07 01:00:00,37715.0,37533.073132454374
2020-09-07 02:00:00,39212.0,37876.6433422505
2020-09-07 03:00:00,43394.0,39268.602169480895
2020-09-07 04:00:00,51443.0,43136.55704273216
2020-09-07 05:00:00,55886.0,50481.78830266452
2020-09-07 06:00:00,58575.0,54723.233493524895
2020-09-07 07:00:00,60378.0,57374.03400647018
2020-09-07 08:00:00,62038.0,59110.80131034432
2020-09-07 09:00:00,63456.0,60733.57170755742
2020-09-07 10:00:00,63879.0,61993.469697105014
2020-09-07 11:00:00,62510.0,62134.81466760038
2020-09-07 12:00:00,60541.0,60768.301760762195
2020-09-07 13:00:00,60166.0,58886.560517661186
2020-09-07 14:00:00,58414.0,58567.00517469812
2020-09-07 15:00:00,57682.0,57231.04710856789
2020-09-07 16:00:00,57444.0,56737.33275903666
2020-09-07 17:00:00,57153.0,56514.9581577634
2020-09-07 18:00:00,56586.0,56253.67449340728
2020-09-07 19:00:00,53309.0,55482.03111811678
2020-09-07 20:00:00,49656.0,52318.00915689855
2020-09-07 21:00:00,45691.0,48727.42037262842
2020-09-07 22:00:00,43756.0,44926.23588608053
2020-09-07 23:00:00,42185.0,43010.13484841204
2020-09-08 00:00:00,41621.0,41501.16134262313
2020-09-08 01:00:00,42072.0,41020.446282536606
2020-09-08 02:00:00,42863.0,41576.102955594884
2020-09-08 03:00:00,46639.0,42751.250696836614
2020-09-08 04:00:00,54693.0,47061.28663265573
2020-09-08 05:00:00,59463.0,54781.912586563034
2020-09-08 06:00:00,61827.0,59318.15701938634
2020-09-08 07:00:00,62723.0,61565.073631479834
2020-09-08 08:00:00,64898.0,62483.87757674962
2020-09-08 09:00:00,66253.0,64508.65909874513
2020-09-08 10:00:00,66090.0,65723.12459442971
2020-09-08 11:00:00,65903.0,65432.91109397231
2020-09-08 12:00:00,63581.0,65064.16192075844
2020-09-08 13:00:00,62252.0,62996.37066451278
2020-09-08 14:00:00,60297.0,61700.71907355237
2020-09-08 15:00:00,59311.0,59981.90778568267
2020-09-08 16:00:00,59124.0,59194.71471956587
2020-09-08 17:00:00,58041.0,59065.34384456491
2020-09-08 18:00:00,57532.0,58043.69476922508
2020-09-08 19:00:00,53970.0,57217.44397387242
2020-09-08 20:00:00,50116.0,53608.93947625731
2020-09-08 21:00:00,46505.0,49687.08583010588
2020-09-08 22:00:00,44344.0,46213.834687928516
2020-09-08 23:00:00,42806.0,44087.97396830163
2020-09-09 00:00:00,41570.0,42639.231545161594
2020-09-09 01:00:00,41545.0,41580.64876634487
2020-09-09 02:00:00,43054.0,41644.021897470295
2020-09-09 03:00:00,46229.0,43421.98960940388
2020-09-09 04:00:00,53281.0,47168.930894564015
2020-09-09 05:00:00,57877.0,53984.61276723263
2020-09-09 06:00:00,61014.0,58285.73662248109
2020-09-09 07:00:00,62340.0,61102.17633397124
2020-09-09 08:00:00,64443.0,62450.672993060325
2020-09-09 09:00:00,66702.0,64433.993248475206
2020-09-09 10:00:00,66148.0,66403.9325153099
2020-09-09 11:00:00,65552.0,65869.60359510375
2020-09-09 12:00:00,63825.0,65096.36174867969
2020-09-09 13:00:00,63020.0,63429.86486638455
2020-09-09 14:00:00,61350.0,62549.4377905712
2020-09-09 15:00:00,59957.0,61028.34069612247
2020-09-09 16:00:00,59348.0,59849.1764029463
2020-09-09 17:00:00,58282.0,59232.42798880698
2020-09-09 18:00:00,58085.0,58213.16665085721
2020-09-09 19:00:00,54629.0,57616.40974841931
2020-09-09 20:00:00,51044.0,54050.15802353108
2020-09-09 21:00:00,47960.0,50411.88596875436
2020-09-09 22:00:00,44205.0,47440.4378858967
2020-09-09 23:00:00,42980.0,43923.627788223836
2020-09-10 00:00:00,41876.0,42702.46616834191
2020-09-10 01:00:00,42103.0,41749.64230671203
2020-09-10 02:00:00,42966.0,42146.376137449886
2020-09-10 03:00:00,46809.0,43295.16638357424
2020-09-10 04:00:00,54858.0,47543.73518811727
2020-09-10 05:00:00,59102.0,55275.14981103899
2020-09-10 06:00:00,61347.0,59403.33491012997
2020-09-10 07:00:00,62100.0,61510.949069589886
2020-09-10 08:00:00,63986.0,62360.50193453271
2020-09-10 09:00:00,65126.0,64269.14187642075
2020-09-10 10:00:00,64547.0,65200.68296065647
2020-09-10 11:00:00,63899.0,64594.21404930489
2020-09-10 12:00:00,62321.0,63828.422203346134
2020-09-10 13:00:00,60624.0,62359.68169353155
2020-09-10 14:00:00,58781.0,60726.04883634831
2020-09-10 15:00:00,58352.0,59032.321502411105
2020-09-10 16:00:00,57625.0,58690.67384466936
2020-09-10 17:00:00,57571.0,57984.48830604157
2020-09-10 18:00:00,57187.0,57919.83599828821
2020-09-10 19:00:00,53236.0,57195.749968950244
2020-09-10 20:00:00,49633.0,53260.497617084446
2020-09-10 21:00:00,45873.0,49692.8314818043
2020-09-10 22:00:00,43694.0,45905.2511174071
2020-09-10 23:00:00,41977.0,43803.98108423975
2020-09-11 00:00:00,41213.0,42127.40609078395
2020-09-11 01:00:00,41482.0,41447.89651460572
2020-09-11 02:00:00,42513.0,41776.39049756852
2020-09-11 03:00:00,45646.0,43124.26472989308
2020-09-11 04:00:00,52807.0,46821.30010262022
2020-09-11 05:00:00,56492.0,53693.35347441037
2020-09-11 06:00:00,59471.0,57179.67965671021
2020-09-11 07:00:00,61009.0,59861.01073049648
2020-09-11 08:00:00,62018.0,61355.64306145183
2020-09-11 09:00:00,62865.0,62296.21372181003
2020-09-11 10:00:00,63034.0,62931.74395050231
2020-09-11 11:00:00,61797.0,62980.46529298158
2020-09-11 12:00:00,60177.0,61706.82962457163
2020-09-11 13:00:00,58595.0,60116.9850829864
2020-09-11 14:00:00,56825.0,58573.17974144962
2020-09-11 15:00:00,56734.0,57057.5413804473
2020-09-11 16:00:00,56154.0,57014.72857034304
2020-09-11 17:00:00,55347.0,56544.83913122812
2020-09-11 18:00:00,54653.0,55779.510883001036
2020-09-11 19:00:00,50324.0,54716.17295503244
2020-09-11 20:00:00,46501.0,50417.75028097077
2020-09-11 21:00:00,43216.0,46563.44115553967
2020-09-11 22:00:00,41488.0,43377.23258894506
2020-09-11 23:00:00,40199.0,41643.17014849262
2020-09-12 00:00:00,39012.0,40389.356669337314
2020-09-12 01:00:00,38496.0,39341.721030038505
2020-09-12 02:00:00,38511.0,38974.59852201139
2020-09-12 03:00:00,38961.0,39317.889806304825
2020-09-12 04:00:00,40988.0,40489.42913927017
2020-09-12 05:00:00,43540.0,42663.54409046053
2020-09-12 06:00:00,47747.0,45189.56244017677
2020-09-12 07:00:00,50672.0,49057.7208716654
2020-09-12 08:00:00,52223.0,51701.292968240356
2020-09-12 09:00:00,53639.0,53086.54688450142
2020-09-12 10:00:00,54293.0,54299.89084899666
2020-09-12 11:00:00,52991.0,54725.889638347835
2020-09-12 12:00:00,51705.0,53382.788782001604
2020-09-12 13:00:00,50929.0,52125.84930235749
2020-09-12 14:00:00,49832.0,51355.6705907603
2020-09-12 15:00:00,49801.0,50523.10907096981
2020-09-12 16:00:00,49847.0,50587.83124597954
2020-09-12 17:00:00,49279.0,50633.237576548876
2020-09-12 18:00:00,48259.0,50078.46709135322
2020-09-12 19:00:00,45325.0,48694.67743532256
2020-09-12 20:00:00,43407.0,45662.8069788387
2020-09-12 21:00:00,40703.0,43609.17201592599
2020-09-12 22:00:00,37610.0,41019.15983546127
2020-09-12 23:00:00,36201.0,38097.5236398474
2020-09-13 00:00:00,35405.0,36687.928265369956
2020-09-13 01:00:00,34323.0,35889.978569828454
2020-09-13 02:00:00,34206.0,34905.671279323615
2020-09-13 03:00:00,34982.0,34836.7692790629
2020-09-13 04:00:00,35993.0,35736.50751332537
2020-09-13 05:00:00,37634.0,36888.85865666852
2020-09-13 06:00:00,41439.0,38735.20370771813
2020-09-13 07:00:00,44975.0,42382.39937087993
2020-09-13 08:00:00,47250.0,45620.27384986383
2020-09-13 09:00:00,49450.0,47721.50015054545
2020-09-13 10:00:00,49458.0,49707.40239440954
2020-09-13 11:00:00,48291.0,49560.841341454056
2020-09-13 12:00:00,46786.0,48385.35245885784
2020-09-13 13:00:00,45523.0,47015.555387470515
2020-09-13 14:00:00,44672.0,45918.47032660214
2020-09-13 15:00:00,45231.0,45337.84266645511
2020-09-13 16:00:00,46086.0,46024.848635656774
2020-09-13 17:00:00,45708.0,46813.23277340535
2020-09-13 18:00:00,46596.0,46377.677169933086
2020-09-13 19:00:00,44467.0,46842.360956600816
2020-09-13 20:00:00,42772.0,44722.49652039539
2020-09-13 21:00:00,40681.0,42915.04589785452
2020-09-13 22:00:00,38451.0,40717.59295931043
2020-09-13 23:00:00,37039.0,38569.97922069869
2020-09-14 00:00:00,36395.0,37228.800199045836
2020-09-14 01:00:00,36709.0,36552.333124492274
2020-09-14 02:00:00,38297.0,36842.073872858295
2020-09-14 03:00:00,42456.0,38366.2387340628
2020-09-14 04:00:00,50857.0,42208.344538144185
2020-09-14 05:00:00,56266.0,49874.91830859676
2020-09-14 06:00:00,59312.0,55033.80410696451
2020-09-14 07:00:00,61043.0,58023.5566939507
2020-09-14 08:00:00,63019.0,59728.79139707196
2020-09-14 09:00:00,64592.0,61671.90052732199
2020-09-14 10:00:00,64641.0,63031.966865036426
2020-09-14 11:00:00,64079.0,62928.710336213175
2020-09-14 12:00:00,62412.0,62263.13162087082
2020-09-14 13:00:00,61748.0,60673.4187380803
2020-09-14 14:00:00,59979.0,60049.74404912466
2020-09-14 15:00:00,58967.0,58620.11724423279
2020-09-14 16:00:00,58441.0,57894.20003335238
2020-09-14 17:00:00,58219.0,57400.50557546534
2020-09-14 18:00:00,57532.0,57269.51784831637
2020-09-14 19:00:00,53862.0,56381.7034735352
2020-09-14 20:00:00,50053.0,52872.55482745946
2020-09-14 21:00:00,46650.0,49206.428107816384
2020-09-14 22:00:00,43809.0,45904.76296312275
2020-09-14 23:00:00,42541.0,43201.783093654296
2020-09-15 00:00:00,41632.0,41995.79471433473
2020-09-15 01:00:00,41680.0,41216.57050888836
2020-09-15 02:00:00,42772.0,41439.54340137277
2020-09-15 03:00:00,46250.0,42881.21350101143
2020-09-15 04:00:00,54094.0,46929.11192378892
2020-09-15 05:00:00,58287.0,54530.54948356186
2020-09-15 06:00:00,61466.0,58553.33026759398
2020-09-15 07:00:00,62939.0,61505.58077374289
2020-09-15 08:00:00,64498.0,62966.16771446479
2020-09-15 09:00:00,65654.0,64476.68009749976
2020-09-15 10:00:00,65518.0,65480.79155851178
2020-09-15 11:00:00,65141.0,65286.832232905064
2020-09-15 12:00:00,63618.0,64776.54200175545
2020-09-15 13:00:00,62237.0,63384.23482812142
2020-09-15 14:00:00,60551.0,62032.53562556938
2020-09-15 15:00:00,59796.0,60522.987455019305
2020-09-15 16:00:00,58809.0,59895.225076367446
2020-09-15 17:00:00,58540.0,59028.69710518048
2020-09-15 18:00:00,57269.0,58707.23405546223
2020-09-15 19:00:00,53377.0,57157.14490070457
2020-09-15 20:00:00,49819.0,53247.37800901033
2020-09-15 21:00:00,46360.0,49681.241131990755
2020-09-15 22:00:00,44081.0,46272.11762005194
2020-09-15 23:00:00,42444.0,44087.382651662105
2020-09-16 00:00:00,41551.0,42518.89370958308
2020-09-16 01:00:00,41578.0,41716.451138538745
2020-09-16 02:00:00,42521.0,41859.39997326384
2020-09-16 03:00:00,45944.0,43084.56677887334
2020-09-16 04:00:00,53605.0,47011.01200016684
2020-09-16 05:00:00,58096.0,54308.7602229152
2020-09-16 06:00:00,61497.0,58609.94066736307
2020-09-16 07:00:00,62838.0,61739.43151796583
2020-09-16 08:00:00,63962.0,63041.279741161925
2020-09-16 09:00:00,65619.0,64110.622048694364
2020-09-16 10:00:00,65801.0,65527.873315677745
2020-09-16 11:00:00,64900.0,65610.24115049769
2020-09-16 12:00:00,63729.0,64628.210045953296
2020-09-16 13:00:00,62596.0,63445.72404674308
2020-09-16 14:00:00,61344.0,62288.42621378671
2020-09-16 15:00:00,60892.0,61135.38034911341
2020-09-16 16:00:00,60849.0,60667.76957946483
2020-09-16 17:00:00,61343.0,60616.13529247447
2020-09-16 18:00:00,59940.0,60900.97853569784
2020-09-16 19:00:00,56139.0,59186.63574870075
2020-09-16 20:00:00,51884.0,55355.53899808971
2020-09-16 21:00:00,48478.0,51139.37134990312
2020-09-16 22:00:00,46378.0,47816.21089427813
2020-09-16 23:00:00,45357.0,45757.33315682857
2020-09-17 00:00:00,43952.0,44751.81440365006
2020-09-17 01:00:00,43839.0,43507.91867038014
2020-09-17 02:00:00,44470.0,43528.53906512
2020-09-17 03:00:00,47501.0,44500.67245293941
2020-09-17 04:00:00,55382.0,48098.54767451878
2020-09-17 05:00:00,60155.0,55666.87983824902
2020-09-17 06:00:00,63078.0,60302.762100174456
2020-09-17 07:00:00,63335.0,63011.20628969642
2020-09-17 08:00:00,64280.0,63293.71934782218
2020-09-17 09:00:00,65640.0,64277.154077679545
2020-09-17 10:00:00,65082.0,65496.54177349258
2020-09-17 11:00:00,63821.0,64885.704205606984
2020-09-17 12:00:00,62876.0,63643.665066188536
2020-09-17 13:00:00,62007.0,62708.1504263275
2020-09-17 14:00:00,59575.0,61844.47444628814
2020-09-17 15:00:00,59689.0,59713.37561603141
2020-09-17 16:00:00,59649.0,59903.61317602155
2020-09-17 17:00:00,59681.0,59936.58797851962
2020-09-17 18:00:00,58611.0,59752.195078435136
2020-09-17 19:00:00,54738.0,58319.962336991346
2020-09-17 20:00:00,50547.0,54375.8659792949
2020-09-17 21:00:00,46623.0,50241.08268639427
2020-09-17 22:00:00,44739.0,46500.126637821086
2020-09-17 23:00:00,43174.0,44710.05670758541
2020-09-18 00:00:00,42347.0,43170.40847093401
2020-09-18 01:00:00,42437.0,42437.35027834167
2020-09-18 02:00:00,43554.0,42606.34136701883
2020-09-18 03:00:00,47296.0,43964.36795215677
2020-09-18 04:00:00,54626.0,48214.98671476667
2020-09-18 05:00:00,58860.0,55306.638936786076
2020-09-18 06:00:00,61695.0,59376.45575742087
2020-09-18 07:00:00,62648.0,61882.172871174014
2020-09-18 08:00:00,63143.0,62762.024169853765
2020-09-18 09:00:00,63735.0,63273.28644142597
2020-09-18 10:00:00,64082.0,63682.969411397935
2020-09-18 11:00:00,62598.0,63829.3937579915
2020-09-18 12:00:00,60866.0,62402.3744540172
2020-09-18 13:00:00,59747.0,60805.781184191204
2020-09-18 14:00:00,58233.0,59620.15747344207
2020-09-18 15:00:00,57884.0,58397.38915269041
2020-09-18 16:00:00,57565.0,58192.01588526009
2020-09-18 17:00:00,57314.0,57911.66891479162
2020-09-18 18:00:00,56521.0,57499.10467288873
2020-09-18 19:00:00,53040.0,56320.02926055179
2020-09-18 20:00:00,49312.0,52731.31677339252
2020-09-18 21:00:00,45543.0,48945.90736980088
2020-09-18 22:00:00,43487.0,45359.690573663
2020-09-18 23:00:00,41355.0,43347.51264444582
2020-09-19 00:00:00,39985.0,41361.46041994256
2020-09-19 01:00:00,39605.0,40169.58311633321
2020-09-19 02:00:00,39523.0,39966.10837835315
2020-09-19 03:00:00,40584.0,40325.3185034027
2020-09-19 04:00:00,42628.0,42103.39828829185
2020-09-19 05:00:00,45254.0,44404.5382646241
2020-09-19 06:00:00,49068.0,47014.93014796448
2020-09-19 07:00:00,51944.0,50488.4507056492
2020-09-19 08:00:00,53379.0,53069.858285846894
2020-09-19 09:00:00,53777.0,54363.80094584455
2020-09-19 10:00:00,53227.0,54710.56913728406
2020-09-19 11:00:00,51552.0,54033.75634720829
2020-09-19 12:00:00,50194.0,52368.31239555242
2020-09-19 13:00:00,49083.0,51095.71680532636
2020-09-19 14:00:00,48891.0,50052.0936854828
2020-09-19 15:00:00,49334.0,49988.73944230463
2020-09-19 16:00:00,50000.0,50465.72618282174
2020-09-19 17:00:00,50112.0,51029.37482640502
2020-09-19 18:00:00,49337.0,50980.63071501735
2020-09-19 19:00:00,46676.0,49865.839527084245
2020-09-19 20:00:00,44700.0,47082.87234843692
2020-09-19 21:00:00,41734.0,44915.43282588573
2020-09-19 22:00:00,39264.0,42059.99650557031
2020-09-19 23:00:00,37383.0,39645.99163415299
2020-09-20 00:00:00,36538.0,37852.62222462931
2020-09-20 01:00:00,35939.0,37083.72328004994
2020-09-20 02:00:00,36223.0,36562.11711821701
2020-09-20 03:00:00,36894.0,36955.799535920785
2020-09-20 04:00:00,37700.0,37789.415469735366
2020-09-20 05:00:00,38595.0,38772.51520670698
2020-09-20 06:00:00,42179.0,39894.181470286945
2020-09-20 07:00:00,44957.0,43336.25707452835
2020-09-20 08:00:00,46981.0,45904.19067266146
2020-09-20 09:00:00,48664.0,47689.44377937548
2020-09-20 10:00:00,48536.0,49082.49026424761
2020-09-20 11:00:00,46855.0,48766.22051678069
2020-09-20 12:00:00,45044.0,47133.19806230742
2020-09-20 13:00:00,44108.0,45458.61170449439
2020-09-20 14:00:00,44042.0,44712.74091525655
2020-09-20 15:00:00,45629.0,44860.68858136286
2020-09-20 16:00:00,47479.0,46488.245798905285
2020-09-20 17:00:00,48705.0,48163.969183908375
2020-09-20 18:00:00,48311.0,49123.7246244299
2020-09-20 19:00:00,45807.0,48438.00038891083
2020-09-20 20:00:00,44338.0,45984.347444640924
2020-09-20 21:00:00,41585.0,44363.39075665814
2020-09-20 22:00:00,39501.0,41663.34621205375
2020-09-20 23:00:00,38735.0,39634.73157346097
2020-09-21 00:00:00,38047.0,38891.80601893179
2020-09-21 01:00:00,38184.0,38238.127674838106
2020-09-21 02:00:00,39637.0,38412.452168996155
2020-09-21 03:00:00,43867.0,39797.104973871305
2020-09-21 04:00:00,53213.0,43674.98874407804
2020-09-21 05:00:00,58767.0,52113.20193240864
2020-09-21 06:00:00,61399.0,57383.04625897826
2020-09-21 07:00:00,62086.0,59922.11466596763
2020-09-21 08:00:00,63166.0,60657.13896930791
2020-09-21 09:00:00,64679.0,61732.23381795876
2020-09-21 10:00:00,64787.0,63019.25376945903
2020-09-21 11:00:00,63962.0,62905.9971689025
2020-09-21 12:00:00,62446.0,61974.186352942896
2020-09-21 13:00:00,61214.0,60551.114405339256
2020-09-21 14:00:00,59901.0,59511.33352487194
2020-09-21 15:00:00,59462.0,58610.17116889189
2020-09-21 16:00:00,59425.0,58500.329195798375
2020-09-21 17:00:00,60160.0,58611.71334195625
2020-09-21 18:00:00,58850.0,59201.88793556093
2020-09-21 19:00:00,54809.0,57727.05940171559
2020-09-21 20:00:00,50467.0,53926.46433075125
2020-09-21 21:00:00,46826.0,49724.66336581141
2020-09-21 22:00:00,44161.0,46230.65387327531
2020-09-21 23:00:00,42794.0,43759.70910526311
2020-09-22 00:00:00,41876.0,42466.32430349066
2020-09-22 01:00:00,42099.0,41665.51775405089
2020-09-22 02:00:00,43026.0,42028.97836004213
2020-09-22 03:00:00,46854.0,43325.67768554378
2020-09-22 04:00:00,54703.0,47777.59487588431
2020-09-22 05:00:00,59677.0,55402.856204260446
2020-09-22 06:00:00,62280.0,60075.59997090168
2020-09-22 07:00:00,62663.0,62378.03570004328
2020-09-22 08:00:00,64346.0,62748.97557257142
2020-09-22 09:00:00,65721.0,64360.21609473682
2020-09-22 10:00:00,65825.0,65568.5367304397
2020-09-22 11:00:00,64785.0,65559.49126156379
2020-09-22 12:00:00,63562.0,64480.825697215085
2020-09-22 13:00:00,62120.0,63304.895325325604
2020-09-22 14:00:00,60305.0,61954.45888668561
2020-09-22 15:00:00,60048.0,60390.038281110035
2020-09-22 16:00:00,59831.0,60242.26901420869
2020-09-22 17:00:00,60562.0,60154.355035146495
2020-09-22 18:00:00,58842.0,60659.4066587055
2020-09-22 19:00:00,54892.0,58663.43756314643
2020-09-22 20:00:00,50739.0,54636.378992862374
2020-09-22 21:00:00,46175.0,50499.659188782316
2020-09-22 22:00:00,43819.0,46104.59133508846
2020-09-22 23:00:00,42203.0,43830.884094567984
2020-09-23 00:00:00,41344.0,42270.75674873552
2020-09-23 01:00:00,41666.0,41514.365850774826
2020-09-23 02:00:00,42738.0,41881.347642967325
2020-09-23 03:00:00,46679.0,43246.51062020747
2020-09-23 04:00:00,55749.0,47641.01458591491
2020-09-23 05:00:00,60868.0,56300.45997740443
2020-09-23 06:00:00,63754.0,61145.97752000729
2020-09-23 07:00:00,64016.0,63740.86371030419
2020-09-23 08:00:00,65109.0,64131.979560117055
2020-09-23 09:00:00,66121.0,65209.56031818149
2020-09-23 10:00:00,65735.0,66065.91028123331
2020-09-23 11:00:00,64470.0,65567.81731221902
2020-09-23 12:00:00,64734.0,64310.5783332209
2020-09-23 13:00:00,63874.0,64419.533916003245
2020-09-23 14:00:00,62166.0,63487.78855516386
2020-09-23 15:00:00,62059.0,61983.34192884055
2020-09-23 16:00:00,61437.0,61925.30803889082
2020-09-23 17:00:00,61764.0,61463.378106406366
2020-09-23 18:00:00,59782.0,61530.228119241794
2020-09-23 19:00:00,55434.0,59268.51474565447
2020-09-23 20:00:00,51400.0,54872.99114522305
2020-09-23 21:00:00,47243.0,50696.879212164065
2020-09-23 22:00:00,44914.0,46629.210719939125
2020-09-23 23:00:00,44332.0,44298.229085395964
2020-09-24 00:00:00,43985.0,43617.972357932886
2020-09-24 01:00:00,43704.0,43306.852799543965
2020-09-24 02:00:00,44766.0,43151.95611541711
2020-09-24 03:00:00,48727.0,44577.95890823295
2020-09-24 04:00:00,56448.0,49165.1277820337
2020-09-24 05:00:00,61803.0,56691.974406932655
2020-09-24 06:00:00,64399.0,61826.448893697736
2020-09-24 07:00:00,64613.0,64136.17237122425
2020-09-24 08:00:00,66916.0,64391.85649258519
2020-09-24 09:00:00,68303.0,66526.34226108802
2020-09-24 10:00:00,66824.0,67701.616314438
2020-09-24 11:00:00,66297.0,66242.47703924793
2020-09-24 12:00:00,65852.0,65818.74166315119
2020-09-24 13:00:00,64552.0,65384.07381094383
2020-09-24 14:00:00,62294.0,64116.75603836408
2020-09-24 15:00:00,61620.0,62211.00451384994
2020-09-24 16:00:00,60860.0,61659.04733419639
2020-09-24 17:00:00,61282.0,61039.54946215917
2020-09-24 18:00:00,59423.0,61181.83229336871
2020-09-24 19:00:00,55088.0,59030.65161830028
2020-09-24 20:00:00,51070.0,54694.612665137756
2020-09-24 21:00:00,47728.0,50600.792765060214
2020-09-24 22:00:00,45926.0,47319.85976567937
2020-09-24 23:00:00,43704.0,45590.85104408139
2020-09-25 00:00:00,42666.0,43538.860089580834
2020-09-25 01:00:00,43144.0,42579.88190669809
2020-09-25 02:00:00,44284.0,43140.38704019093
2020-09-25 03:00:00,48295.0,44630.02899663625
2020-09-25 04:00:00,55199.0,49126.64837867012
2020-09-25 05:00:00,60690.0,55915.37469844021
2020-09-25 06:00:00,62959.0,61106.40184757712
2020-09-25 07:00:00,64479.0,63133.526582205675
2020-09-25 08:00:00,65756.0,64702.899880281984
2020-09-25 09:00:00,67005.0,65980.74622642584
2020-09-25 10:00:00,65994.0,66932.89834641315
2020-09-25 11:00:00,64681.0,65976.63937873801
2020-09-25 12:00:00,62582.0,64776.660116359904
2020-09-25 13:00:00,60877.0,62776.68369324155
2020-09-25 14:00:00,59675.0,61036.834605777556
2020-09-25 15:00:00,59217.0,59948.51385799559
2020-09-25 16:00:00,59003.0,59520.330278132766
2020-09-25 17:00:00,59441.0,59387.71217990932
2020-09-25 18:00:00,57154.0,59560.85894726187
2020-09-25 19:00:00,53148.0,57012.5418120561
2020-09-25 20:00:00,50199.0,52974.31893021435
2020-09-25 21:00:00,46563.0,49961.97854223588
2020-09-25 22:00:00,43890.0,46512.526141369664
2020-09-25 23:00:00,41908.0,43873.62472597279
2020-09-26 00:00:00,40698.0,41980.06770363373
2020-09-26 01:00:00,40401.0,40951.27007261554
2020-09-26 02:00:00,40391.0,40823.89162707976
2020-09-26 03:00:00,40959.0,41265.60843461603
2020-09-26 04:00:00,43149.0,42548.01073316905
2020-09-26 05:00:00,45950.0,45130.48892590177
2020-09-26 06:00:00,49608.0,47894.3069249358
2020-09-26 07:00:00,52692.0,51331.94043743359
2020-09-26 08:00:00,54928.0,54227.31162374637
2020-09-26 09:00:00,56186.0,56357.987568038894
2020-09-26 10:00:00,56460.0,57367.02722623873
2020-09-26 11:00:00,54756.0,57430.16948781954
2020-09-26 12:00:00,53348.0,55619.984195632154
2020-09-26 13:00:00,52456.0,54141.53117323361
2020-09-26 14:00:00,52499.0,53210.237707256536
2020-09-26 15:00:00,53687.0,53197.427608413076
2020-09-26 16:00:00,54384.0,54242.913796845794
2020-09-26 17:00:00,54322.0,54900.32474394771
2020-09-26 18:00:00,51430.0,54564.23038356877
2020-09-26 19:00:00,48135.0,51501.95078300451
2020-09-26 20:00:00,46496.0,48246.874432301105
2020-09-26 21:00:00,43097.0,46381.2342803648
2020-09-26 22:00:00,40480.0,43030.01674315578
2020-09-26 23:00:00,38777.0,40487.27265725294
2020-09-27 00:00:00,37704.0,38858.870459323945
2020-09-27 01:00:00,37378.0,37902.038123815044
2020-09-27 02:00:00,37341.0,37669.36045272112
2020-09-27 03:00:00,37625.0,37741.28754754805
2020-09-27 04:00:00,38405.0,38272.94461468047
2020-09-27 05:00:00,40153.0,39350.18461627293
2020-09-27 06:00:00,43434.0,41341.9385720684
2020-09-27 07:00:00,46939.0,44598.33336859163
2020-09-27 08:00:00,50059.0,47968.39216728662
2020-09-27 09:00:00,52121.0,50886.172282652595
2020-09-27 10:00:00,52227.0,52748.78014806191
2020-09-27 11:00:00,50386.0,52649.500800927824
2020-09-27 12:00:00,48933.0,50866.88940371439
2020-09-27 13:00:00,47464.0,49517.94153462466
2020-09-27 14:00:00,47142.0,48276.51866910727
2020-09-27 15:00:00,48604.0,48199.40162622605
2020-09-27 16:00:00,50246.0,49651.63739589046
2020-09-27 17:00:00,51534.0,51133.583913193266
2020-09-27 18:00:00,49854.0,51968.995577229565
2020-09-27 19:00:00,47286.0,50087.110101381535
2020-09-27 20:00:00,46219.0,47601.37187867212
2020-09-27 21:00:00,43398.0,46258.31897537849
2020-09-27 22:00:00,41407.0,43437.44916902074
2020-09-27 23:00:00,40414.0,41473.87357403833
2020-09-28 00:00:00,39860.0,40467.182056786696
2020-09-28 01:00:00,40207.0,39939.605581780146
2020-09-28 02:00:00,42254.0,40266.70065777768
2020-09-28 03:00:00,46180.0,42133.82796306032
2020-09-28 04:00:00,54773.0,45734.963269640626
2020-09-28 05:00:00,60862.0,53601.48785168012
2020-09-28 06:00:00,63206.0,59352.35343704742
2020-09-28 07:00:00,63599.0,61753.942846837606
2020-09-28 08:00:00,64594.0,62379.517341258135
2020-09-28 09:00:00,65635.0,63443.033136860795
2020-09-28 10:00:00,65791.0,64343.888663873986
2020-09-28 11:00:00,65568.0,64271.43169871208
2020-09-28 12:00:00,64527.0,63935.412169156545
2020-09-28 13:00:00,62485.0,62873.90587327853
2020-09-28 14:00:00,61300.0,61044.74052733373
2020-09-28 15:00:00,61369.0,60186.25185763536
2020-09-28 16:00:00,61753.0,60462.18050077577
2020-09-28 17:00:00,62806.0,60945.4803472216
2020-09-28 18:00:00,60672.0,61685.204065735285
2020-09-28 19:00:00,56994.0,59472.807540383285
2020-09-28 20:00:00,53622.0,56045.866898580985
2020-09-28 21:00:00,49617.0,52707.357047623904
2020-09-28 22:00:00,46430.0,48893.21805695678
2020-09-28 23:00:00,44632.0,45918.998390419874
2020-09-29 00:00:00,44021.0,44238.105583839846
2020-09-29 01:00:00,44199.0,43723.04050775022
2020-09-29 02:00:00,45442.0,44100.56322412416
2020-09-29 03:00:00,49234.0,45644.04472885892
2020-09-29 04:00:00,56641.0,49988.55070265283
2020-09-29 05:00:00,61230.0,57286.62035615406
2020-09-29 06:00:00,63396.0,61619.71756797149
2020-09-29 07:00:00,64699.0,63552.601851975254
2020-09-29 08:00:00,66008.0,64786.977220009525
2020-09-29 09:00:00,67478.0,66036.48317641136
2020-09-29 10:00:00,67574.0,67351.91750653964
2020-09-29 11:00:00,66534.0,67403.37310381616
2020-09-29 12:00:00,65415.0,66365.44848563164
2020-09-29 13:00:00,64276.0,65174.66463701828
2020-09-29 14:00:00,62336.0,64069.98647605189
2020-09-29 15:00:00,61883.0,62398.329482733614
2020-09-29 16:00:00,62160.0,62077.80856252071
2020-09-29 17:00:00,63759.0,62448.41835171258
2020-09-29 18:00:00,60830.0,63648.144750553445
2020-09-29 19:00:00,56775.0,60624.226697679376
2020-09-29 20:00:00,53356.0,56625.22952293349
2020-09-29 21:00:00,49467.0,53127.614378530605
2020-09-29 22:00:00,46652.0,49293.81572733438
2020-09-29 23:00:00,44895.0,46576.66792908502
2020-09-30 00:00:00,44159.0,44935.228428253264
2020-09-30 01:00:00,44415.0,44289.62629128179
2020-09-30 02:00:00,45834.0,44652.016841347824
2020-09-30 03:00:00,49486.0,46335.57496384574
2020-09-30 04:00:00,57232.0,50415.83365683068
2020-09-30 05:00:00,61960.0,57851.594154106955
2020-09-30 06:00:00,63790.0,62286.42164824089
2020-09-30 07:00:00,64904.0,64006.20326929122
2020-09-30 08:00:00,65475.0,65076.743745379026
2020-09-30 09:00:00,66669.0,65696.39760736795
2020-09-30 10:00:00,66625.0,66754.33535950683
2020-09-30 11:00:00,65402.0,66590.20848249874
2020-09-30 12:00:00,64578.0,65379.12736561728
2020-09-30 13:00:00,63259.0,64548.27159337304
2020-09-30 14:00:00,61396.0,63212.4487529475
2020-09-30 15:00:00,61436.0,61571.42094408348
2020-09-30 16:00:00,61432.0,61693.29085412543
2020-09-30 17:00:00,63459.0,61849.95956055258
2020-09-30 18:00:00,61177.0,63310.41988702084
2020-09-30 19:00:00,57559.0,60776.943403107274
2020-09-30 20:00:00,54108.0,57126.97666272977
2020-09-30 21:00:00,49845.0,53584.06536031631
2020-09-30 22:00:00,46886.0,49432.53617505679
2020-09-30 23:00:00,45461.0,46573.78056700287
